P60866,P63220,P62273,P46783,Q9ULC4,P62081,O00571,P08708,P62277,P62847,P62269,P62701,P39019,P62841,P62280,P62249,P62263,P62266,P62244,P62241,P61247,P62753,P62857,Q71RC2,P62854,P46781,P46782,P15880,P08865,P42677,P62851,P62861,Q7Z478,,,,,,,,,,,,,,
P61353,P61513,P18124,P18621,P47914,P46776,P62899,P83881,P83731,P62910,Q02878,Q8WUZ0,P35268,P49207,Q9Y3U8,P61254,P26373,P05388,P61313,P46777,P46778,P46779,P50914,P62750,P18077,P62917,P40429,P39023,Q8TAD8,P84098,P62888,P62906,P05387,P62424,P61927,Q07020,P30050,P62913,P63173,P42766,Q8TBX8,P48426,P62829,P36578,P56537,Q9NW75,Q5T3I0
P05787,P08727,Q8WWM7,Q15233,Q86YZ3,Q9Y3A5,P35908,Q14157,P14618,P81605,Q5T749,P69905,P04264,P02533,P28799,P13645,Q8N1N4,P35527,P49750,Q9NZT1,P08779,Q86X29,Q9NR45,P04792,P13647,P23396,Q5T6F2,P68871,P25398,P04259,O75170,,,,,,,,,,,,,,,,
Q92499,Q9Y3F4,Q9Y3I0,Q9Y224,Q9Y3L3,Q9Y3D9,O75312,Q9Y3E2,,,,,,,,,,,,,,,,,,,,,,,,,,,,,,,,,,,,,,,
P62318,P14678,O14744,Q9BQA1,P62314,P62316,P54105,P08621,P09234,O43395,P55081,Q16629,Q9BRD0,P84090,,,,,,,,,,,,,,,,,,,,,,,,,,,,,,,,,
Q01105,P06753,P27695,Q01082,,,,,,,,,,,,,,,,,,,,,,,,,,,,,,,,,,,,,,,,,,,
P26641,Q9UG63,P11021,P07437,Q16531,Q9BXP5,Q9BUQ8,Q13185,O15234,Q13573,Q9Y3C6,Q92620,Q9UQ35,Q9BUR4,,,,,,,,,,,,,,,,,,,,,,,,,,,,,,,,,
Q96HR8,Q8TBZ6,O00567,Q96HP4,,,,,,,,,,,,,,,,,,,,,,,,,,,,,,,,,,,,,,,,,,,
P17174,P04080,P10768,P49773,Q96ST3,P05141,P30044,Q9BX68,P60174,P16930,P36871,P15941,P78417,P20073,Q969H8,,,,,,,,,,,,,,,,,,,,,,,,,,,,,,,,
O95816,O95817,P04040,Q9UJY1,Q8IV08,P29401,,,,,,,,,,,,,,,,,,,,,,,,,,,,,,,,,,,,,,,,,
P62306,Q9Y3F4,P09661,Q9Y5S9,Q8TEQ6,O75940,P41223,,,,,,,,,,,,,,,,,,,,,,,,,,,,,,,,,,,,,,,,
Q15428,Q13435,Q15427,Q12874,Q15459,Q15637,Q15436,P62308,Q86XP3,Q12931,Q15437,Q9UNN8,Q15435,,,,,,,,,,,,,,,,,,,,,,,,,,,,,,,,,,
Q15031,Q15032,Q9NZL4,Q13433,,,,,,,,,,,,,,,,,,,,,,,,,,,,,,,,,,,,,,,,,,,
Q16576,Q12824,O00422,P20700,O96019,Q92922,Q92769,Q13547,Q969G3,O60341,Q9UKL0,Q9UPN9,Q9C005,O15379,Q92925,Q13263,Q13813,Q8TAQ2,Q02880,Q96GM5,P61964,Q86X55,,,,,,,,,,,,,,,,,,,,,,,,,
P05787,P04406,Q12906,Q12905,Q8WWM7,P35908,P14618,P04264,Q99700,P11142,O43707,A00000,P14866,Q05639,Q08554,P04792,P23396,Q5D862,Q9UII2,P32119,P23246,P05783,,,,,,,,,,,,,,,,,,,,,,,,,
O43660,O60306,Q9UMS4,P14678,Q9NW64,Q9UNP9,O15234,Q13573,Q9Y3C6,Q92620,Q9UQ35,O75934,P50851,,,,,,,,,,,,,,,,,,,,,,,,,,,,,,,,,,
O60832,Q9HCK8,Q9Y230,Q15291,Q9Y265,Q8NFC6,Q6PI98,Q9C086,Q15545,Q8IXM2,Q96L91,O94763,,,,,,,,,,,,,,,,,,,,,,,,,,,,,,,,,,,
Q6P2Q9,Q9P2P5,Q6P4I2,Q6P3S6,,,,,,,,,,,,,,,,,,,,,,,,,,,,,,,,,,,,,,,,,,,
Q15910,P30622,O75530,Q15022,Q6ZN18,,,,,,,,,,,,,,,,,,,,,,,,,,,,,,,,,,,,,,,,,,
P12814,P12830,P09429,P09234,Q96EY4,P12931,,,,,,,,,,,,,,,,,,,,,,,,,,,,,,,,,,,,,,,,,
Q9NZJ0,P49643,O75717,P12004,P49642,Q15054,P11388,P27694,P49005,Q14181,Q9Y248,P39748,Q9HCU8,,,,,,,,,,,,,,,,,,,,,,,,,,,,,,,,,,
O94776,P53999,Q3SY56,O94763,,,,,,,,,,,,,,,,,,,,,,,,,,,,,,,,,,,,,,,,,,,
Q9GZR7,Q9Y3C1,Q9NY93,Q9Y3B9,O95478,Q9BQ67,Q9NWT1,Q9P031,Q3B726,Q9H6R0,Q9BRJ6,Q9Y2X3,Q9NQ55,Q68CQ4,Q9NW13,Q9NVP1,Q9Y2W2,Q96HR8,Q99848,Q9H6F5,Q9UNQ2,Q9NWM8,Q9Y5J1,Q9Y4C8,Q9BVJ6,Q9NPE3,Q9UGY1,Q9UNX3,Q9UHR5,O00567,,,,,,,,,,,,,,,,,
Q9BRP8,Q9Y295,Q147X3,Q9BRA0,Q9Y237,Q5VZE5,Q9Y6E2,,,,,,,,,,,,,,,,,,,,,,,,,,,,,,,,,,,,,,,,
Q14152,Q9Y262,O15371,Q9UBQ5,P55884,O00303,Q99613,O15372,P60228,O15347,O75822,O75821,,,,,,,,,,,,,,,,,,,,,,,,,,,,,,,,,,,
P05787,P08727,Q15233,Q86YZ3,Q9Y3A5,P35908,Q8WXF1,P04264,P02533,P28799,Q8N684,P13645,P35527,P08779,Q86X29,Q9NR45,P13647,P02545,P02538,P23246,P43243,O94913,,,,,,,,,,,,,,,,,,,,,,,,,
O60264,Q12830,Q13158,Q8IXM2,Q9Y6X3,,,,,,,,,,,,,,,,,,,,,,,,,,,,,,,,,,,,,,,,,,
Q14697,O75643,O95400,O75616,,,,,,,,,,,,,,,,,,,,,,,,,,,,,,,,,,,,,,,,,,,
Q92945,P30048,Q06830,Q16851,P30085,,,,,,,,,,,,,,,,,,,,,,,,,,,,,,,,,,,,,,,,,,
Q99832,P63104,P49368,P50991,P48643,P40227,P17987,P50990,P78371,Q92526,,,,,,,,,,,,,,,,,,,,,,,,,,,,,,,,,,,,,
Q8WYA6,P09661,P11388,P08579,Q9ULR0,Q8WY54,P41223,Q9P013,Q9P016,,,,,,,,,,,,,,,,,,,,,,,,,,,,,,,,,,,,,,
P13010,P14923,P05198,O60884,P20042,P12956,P41091,Q9NXC5,Q13416,,,,,,,,,,,,,,,,,,,,,,,,,,,,,,,,,,,,,,
P35998,Q06323,P62333,Q06330,,,,,,,,,,,,,,,,,,,,,,,,,,,,,,,,,,,,,,,,,,,
Q06265,Q15024,Q5RKV6,Q13868,Q9Y3B2,Q9NQT4,Q9NQT5,Q01780,Q99547,Q96B26,Q9NPD3,P42285,,,,,,,,,,,,,,,,,,,,,,,,,,,,,,,,,,,
Q9ULK4,O75586,Q9BTT4,P49336,O95402,,,,,,,,,,,,,,,,,,,,,,,,,,,,,,,,,,,,,,,,,,
Q99575,Q9BUL9,O95707,Q7Z4V5,Q9H633,P78345,O95059,O75817,O75818,P78346,,,,,,,,,,,,,,,,,,,,,,,,,,,,,,,,,,,,,
Q16576,O94776,Q14839,Q9BTC8,Q13330,Q9UQE7,Q9UBB5,O95983,Q09028,Q8N3U4,P78347,Q14683,O14519,Q86YP4,O60216,Q9ULU4,Q5PSV4,Q8TEX9,Q14919,,,,,,,,,,,,,,,,,,,,,,,,,,,,
P19338,P07814,O60506,Q14103,Q06787,P62241,Q08211,P17844,Q99729,O43390,Q9H0G5,Q8WYQ5,,,,,,,,,,,,,,,,,,,,,,,,,,,,,,,,,,,
Q9HCE1,Q8IXK0,Q7Z5K2,P05386,P05204,,,,,,,,,,,,,,,,,,,,,,,,,,,,,,,,,,,,,,,,,,
P14678,Q99459,O15042,P62304,O75533,P09234,O75934,Q9P0W2,P38159,Q99873,,,,,,,,,,,,,,,,,,,,,,,,,,,,,,,,,,,,,
P06733,Q9ULA0,P00338,P02788,P23526,P22061,P34059,Q16719,,,,,,,,,,,,,,,,,,,,,,,,,,,,,,,,,,,,,,,
O75446,O75449,P62826,O75439,,,,,,,,,,,,,,,,,,,,,,,,,,,,,,,,,,,,,,,,,,,
O95251,O95696,P55201,Q9HAF1,Q8WYH8,Q92613,Q8N8U2,Q9ULD4,O95248,,,,,,,,,,,,,,,,,,,,,,,,,,,,,,,,,,,,,,
Q96K17,Q96KM6,Q96K21,Q9P1Y6,Q96K76,,,,,,,,,,,,,,,,,,,,,,,,,,,,,,,,,,,,,,,,,,
Q9HC62,P49792,P12270,Q9BUR4,Q9NWU1,,,,,,,,,,,,,,,,,,,,,,,,,,,,,,,,,,,,,,,,,,
Q53GS9,P62306,Q9Y333,O43172,P62304,P09661,P55769,Q9HCE5,O15116,Q9Y4Z0,P62310,Q9UK45,P62312,O75940,P41223,Q53F19,,,,,,,,,,,,,,,,,,,,,,,,,,,,,,,
P24941,Q00535,Q9NR12,P30281,P30405,Q00534,P11802,P06493,Q9BV86,,,,,,,,,,,,,,,,,,,,,,,,,,,,,,,,,,,,,,
Q92759,P29083,Q15542,P61218,P52657,P50613,Q13888,Q13889,Q15545,P29084,P32780,Q6ZYL4,P23193,Q5VWG9,,,,,,,,,,,,,,,,,,,,,,,,,,,,,,,,,
P62942,P62979,Q9H0W9,P22392,,,,,,,,,,,,,,,,,,,,,,,,,,,,,,,,,,,,,,,,,,,
Q8NC51,P02538,Q16851,Q96P63,,,,,,,,,,,,,,,,,,,,,,,,,,,,,,,,,,,,,,,,,,,
Q96QR8,Q96RE7,Q9NY27,Q00577,Q9UBU8,Q6PD62,Q9NV56,O75151,,,,,,,,,,,,,,,,,,,,,,,,,,,,,,,,,,,,,,,
Q04724,P09874,P09884,P09871,,,,,,,,,,,,,,,,,,,,,,,,,,,,,,,,,,,,,,,,,,,
Q9GZR7,Q9NY93,Q9Y3B9,Q9Y221,Q9ULX3,Q9BQ67,Q9BTY7,Q9GZS1,Q3B726,Q9H6R0,Q9Y2X3,Q68CQ4,Q9NW13,Q9NVP1,Q96HR8,Q9Y5J1,Q9H6R4,Q9UET6,Q9Y2P8,Q969E8,,,,,,,,,,,,,,,,,,,,,,,,,,,
Q96SB4,Q9BUJ2,Q9UKM9,Q8WYQ5,,,,,,,,,,,,,,,,,,,,,,,,,,,,,,,,,,,,,,,,,,,
O60684,P52292,O00629,Q14974,O00505,P52294,Q14C86,A9QM74,A8MYB1,,,,,,,,,,,,,,,,,,,,,,,,,,,,,,,,,,,,,,
Q5T200,Q9Y5B9,Q03188,P35226,Q02241,Q99496,Q9HC52,Q96JP5,O60264,Q06587,P22087,Q9H0H5,Q08945,Q8IXK0,Q71F23,Q69YN4,Q7L2Z9,P68400,Q75N03,Q15007,,,,,,,,,,,,,,,,,,,,,,,,,,,
P48730,Q15717,Q14151,P54259,O95793,P36551,,,,,,,,,,,,,,,,,,,,,,,,,,,,,,,,,,,,,,,,,
Q15393,Q9UHX1,Q15404,O75937,,,,,,,,,,,,,,,,,,,,,,,,,,,,,,,,,,,,,,,,,,,
P35637,Q12906,Q12905,O43143,Q92841,O00571,O60506,Q9UBP6,Q00839,Q14103,Q92499,P31943,Q86U42,Q08211,P17844,Q9H0G5,Q01844,,,,,,,,,,,,,,,,,,,,,,,,,,,,,,
Q9GZP4,Q01433,Q96EK7,Q9Y597,P06576,,,,,,,,,,,,,,,,,,,,,,,,,,,,,,,,,,,,,,,,,,
Q96I25,Q8IWX8,O15042,O75533,Q7RTV0,O43447,P31942,,,,,,,,,,,,,,,,,,,,,,,,,,,,,,,,,,,,,,,,
P05455,Q04917,Q13283,P62258,P61981,O75381,Q7KZI7,Q9NUG6,,,,,,,,,,,,,,,,,,,,,,,,,,,,,,,,,,,,,,,
Q99460,Q9Y230,Q6PI98,Q5HYJ3,Q9C086,O14646,,,,,,,,,,,,,,,,,,,,,,,,,,,,,,,,,,,,,,,,,
P11940,Q7Z6Z7,Q13310,Q7Z6R9,,,,,,,,,,,,,,,,,,,,,,,,,,,,,,,,,,,,,,,,,,,
Q12824,Q8WUZ0,Q92922,Q4VC05,Q86U86,O14744,Q969G3,Q92925,Q8WUB8,Q92785,Q96GM5,Q8WXI9,Q92796,,,,,,,,,,,,,,,,,,,,,,,,,,,,,,,,,,
Q99961,Q99985,Q9Y2D9,Q99988,,,,,,,,,,,,,,,,,,,,,,,,,,,,,,,,,,,,,,,,,,,
P28072,O14818,P28074,P49721,P49720,P51665,P55036,P17980,P20618,P55072,Q99436,Q9BRP4,P25786,P28070,P60900,O00233,P25787,P25789,P25788,O00232,O43242,P28066,,,,,,,,,,,,,,,,,,,,,,,,,
Q9GZZ1,P41227,Q9BXJ9,Q9NX55,O75616,Q13137,,,,,,,,,,,,,,,,,,,,,,,,,,,,,,,,,,,,,,,,,
O14519,Q8WXI9,O94880,Q9ULU4,,,,,,,,,,,,,,,,,,,,,,,,,,,,,,,,,,,,,,,,,,,
Q7L2E3,Q7L2Z9,Q8WUQ7,Q7L2J0,,,,,,,,,,,,,,,,,,,,,,,,,,,,,,,,,,,,,,,,,,,
P07900,Q8N163,P08238,P27348,P62879,Q04917,P63104,P62258,P31946,P61981,Q7KZI7,Q9NUG6,,,,,,,,,,,,,,,,,,,,,,,,,,,,,,,,,,,
P27986,P62993,Q96B97,P80723,P46108,Q07960,,,,,,,,,,,,,,,,,,,,,,,,,,,,,,,,,,,,,,,,,
O15294,Q6UXN9,P61962,Q9Y5Z7,P61964,Q8TDB6,,,,,,,,,,,,,,,,,,,,,,,,,,,,,,,,,,,,,,,,,
P10599,Q15102,P30041,P30043,P30040,,,,,,,,,,,,,,,,,,,,,,,,,,,,,,,,,,,,,,,,,,
P07437,Q9BQE3,P21333,Q9NQX3,P27635,Q9UBS4,P02462,,,,,,,,,,,,,,,,,,,,,,,,,,,,,,,,,,,,,,,,
Q9UHD1,Q6P4A8,Q96EL3,O43837,P51553,Q96RQ3,P50213,,,,,,,,,,,,,,,,,,,,,,,,,,,,,,,,,,,,,,,,
P35226,Q02241,Q9HC52,Q13619,Q9H0H5,Q8IXK0,Q92630,Q13627,,,,,,,,,,,,,,,,,,,,,,,,,,,,,,,,,,,,,,,
Q9UKB1,P0DPB5,O15446,P42704,Q00653,Q9UK99,Q16342,,,,,,,,,,,,,,,,,,,,,,,,,,,,,,,,,,,,,,,,
O43660,O60306,Q9UMS4,P14678,P62306,Q6P2Q9,Q99459,Q9NW64,Q9UNP9,Q15029,P62304,O75643,O15234,Q13573,Q92620,Q9UQ35,O75934,P38159,,,,,,,,,,,,,,,,,,,,,,,,,,,,,
Q9Y6M1,Q9UIG0,Q9Y6I4,P48454,,,,,,,,,,,,,,,,,,,,,,,,,,,,,,,,,,,,,,,,,,,
Q9NYB0,P09874,P49959,P09884,Q15554,O95347,Q92547,,,,,,,,,,,,,,,,,,,,,,,,,,,,,,,,,,,,,,,,
P46940,P06454,Q07021,P51858,Q9Y2U8,Q71U36,,,,,,,,,,,,,,,,,,,,,,,,,,,,,,,,,,,,,,,,,
P62318,Q2TAY7,Q15428,P14678,Q9BUQ8,Q12874,Q96DI7,Q15393,Q9Y333,P62304,P62310,P62312,Q32P44,Q2NKX9,,,,,,,,,,,,,,,,,,,,,,,,,,,,,,,,,
O75475,Q9HCU9,Q9H160,Q5PSV4,Q8NC60,,,,,,,,,,,,,,,,,,,,,,,,,,,,,,,,,,,,,,,,,,
P19174,Q13098,Q92905,Q99627,Q9NNW5,Q9BT78,Q92466,Q7L5N1,Q13619,Q9UNS2,P61201,P35579,Q9UBW8,,,,,,,,,,,,,,,,,,,,,,,,,,,,,,,,,,
O15234,Q9Y2W1,Q9Y3C6,Q9UQ35,Q9Y2V2,,,,,,,,,,,,,,,,,,,,,,,,,,,,,,,,,,,,,,,,,,
P07951,P31930,P07919,P08574,P07992,,,,,,,,,,,,,,,,,,,,,,,,,,,,,,,,,,,,,,,,,,
P32969,P05386,P05204,Q92665,,,,,,,,,,,,,,,,,,,,,,,,,,,,,,,,,,,,,,,,,,,
Q92900,Q9H0D6,Q9H307,Q9HAU5,Q9BZI7,Q9H1J1,Q15287,Q9UGU0,,,,,,,,,,,,,,,,,,,,,,,,,,,,,,,,,,,,,,,
Q7Z7F7,P49902,Q7Z7K0,Q9Y3D0,,,,,,,,,,,,,,,,,,,,,,,,,,,,,,,,,,,,,,,,,,,
P52948,P55735,Q02809,P55327,,,,,,,,,,,,,,,,,,,,,,,,,,,,,,,,,,,,,,,,,,,
P36873,P62136,Q96QC0,P62140,O14974,O14979,,,,,,,,,,,,,,,,,,,,,,,,,,,,,,,,,,,,,,,,,
P14923,P56945,P15531,Q9UNN8,Q9Y490,P80188,,,,,,,,,,,,,,,,,,,,,,,,,,,,,,,,,,,,,,,,,
P67775,Q5VY09,Q5VYK3,O43815,,,,,,,,,,,,,,,,,,,,,,,,,,,,,,,,,,,,,,,,,,,
P63241,Q9HC62,Q9H444,Q99567,P37198,P49792,P12270,Q9NZZ3,,,,,,,,,,,,,,,,,,,,,,,,,,,,,,,,,,,,,,,
Q86U70,P84022,P35813,Q86UE4,,,,,,,,,,,,,,,,,,,,,,,,,,,,,,,,,,,,,,,,,,,
O94952,O94967,O94906,O94925,,,,,,,,,,,,,,,,,,,,,,,,,,,,,,,,,,,,,,,,,,,
Q6UN15,P34059,Q9C0I1,Q9C0J8,,,,,,,,,,,,,,,,,,,,,,,,,,,,,,,,,,,,,,,,,,,
Q15008,Q16401,P51665,P55036,Q9UNM6,P17980,O75832,Q9UL46,P55072,O00487,Q9BRP4,O00233,O00232,P43686,O00231,O43242,Q16527,,,,,,,,,,,,,,,,,,,,,,,,,,,,,,
Q6UB98,Q6UB35,Q6UB28,,,,,,,,,,,,,,,,,,,,,,,,,,,,,,,,,,,,,,,,,,,,
P18669,Q96C01,Q9BV19,P04818,Q8N4P3,P61956,,,,,,,,,,,,,,,,,,,,,,,,,,,,,,,,,,,,,,,,,
Q9P2I0,Q99755,P48729,O95639,,,,,,,,,,,,,,,,,,,,,,,,,,,,,,,,,,,,,,,,,,,
Q56P03,Q00059,P63272,P16989,P17029,O00418,,,,,,,,,,,,,,,,,,,,,,,,,,,,,,,,,,,,,,,,,
Q12980,Q8WTW4,Q6PJI9,Q96EE3,Q12986,,,,,,,,,,,,,,,,,,,,,,,,,,,,,,,,,,,,,,,,,,
O95816,O95819,P52597,P52655,P52657,,,,,,,,,,,,,,,,,,,,,,,,,,,,,,,,,,,,,,,,,,
Q9Y4G8,Q9Y4K3,Q9Y4L1,Q9Y4K4,Q9Y4K1,,,,,,,,,,,,,,,,,,,,,,,,,,,,,,,,,,,,,,,,,,
Q9H0S4,Q9Y450,Q9Y4B5,O60936,Q5VSY0,,,,,,,,,,,,,,,,,,,,,,,,,,,,,,,,,,,,,,,,,,
O94826,P41212,Q9HC44,P13716,,,,,,,,,,,,,,,,,,,,,,,,,,,,,,,,,,,,,,,,,,,
O43148,P52298,P06730,Q9H9G7,Q9BTL3,P05067,,,,,,,,,,,,,,,,,,,,,,,,,,,,,,,,,,,,,,,,,
P56211,P56270,P56181,P55957,P56524,O14907,P56385,,,,,,,,,,,,,,,,,,,,,,,,,,,,,,,,,,,,,,,,
O60936,Q15052,Q9Y2Y9,Q5VSY0,,,,,,,,,,,,,,,,,,,,,,,,,,,,,,,,,,,,,,,,,,,
Q9UKF6,Q12996,Q13017,Q13033,Q05048,,,,,,,,,,,,,,,,,,,,,,,,,,,,,,,,,,,,,,,,,,
O75414,Q9Y2Q3,Q6PID6,Q8WZA9,P55210,Q9UM82,P61764,,,,,,,,,,,,,,,,,,,,,,,,,,,,,,,,,,,,,,,,
P30086,Q9Y3D2,P30049,P30084,P30085,,,,,,,,,,,,,,,,,,,,,,,,,,,,,,,,,,,,,,,,,,
O60684,P52292,O00629,P49674,P49711,Q14974,O00505,P52294,A9QM74,,,,,,,,,,,,,,,,,,,,,,,,,,,,,,,,,,,,,,
Q6UXN9,Q9UDY2,P48730,Q02818,O75534,P61962,Q9Y597,P30533,Q06210,,,,,,,,,,,,,,,,,,,,,,,,,,,,,,,,,,,,,,
Q9H773,Q9NP81,Q6PI48,Q9H6Z4,Q9UKK9,Q9UKI8,,,,,,,,,,,,,,,,,,,,,,,,,,,,,,,,,,,,,,,,,
P06703,Q96S66,Q6UUV9,Q9H0B6,,,,,,,,,,,,,,,,,,,,,,,,,,,,,,,,,,,,,,,,,,,
Q14197,Q7Z7H8,O95777,Q53EL6,,,,,,,,,,,,,,,,,,,,,,,,,,,,,,,,,,,,,,,,,,,
P27797,P62805,P62807,P15311,,,,,,,,,,,,,,,,,,,,,,,,,,,,,,,,,,,,,,,,,,,
P33991,P49736,Q14444,Q13283,P25205,Q14566,P33993,P57772,Q14554,P33992,,,,,,,,,,,,,,,,,,,,,,,,,,,,,,,,,,,,,
O75879,Q9H0R6,Q17R89,O43716,O43692,,,,,,,,,,,,,,,,,,,,,,,,,,,,,,,,,,,,,,,,,,
Q8WZ19,Q13829,Q9H2C0,Q13618,P62877,Q14145,Q8NFY9,P19474,,,,,,,,,,,,,,,,,,,,,,,,,,,,,,,,,,,,,,,
Q9UNZ2,P62195,Q8TDX7,Q99598,,,,,,,,,,,,,,,,,,,,,,,,,,,,,,,,,,,,,,,,,,,
P35659,Q03468,O00264,Q8N5A5,,,,,,,,,,,,,,,,,,,,,,,,,,,,,,,,,,,,,,,,,,,
P55209,Q92522,O75494,P06899,P55145,,,,,,,,,,,,,,,,,,,,,,,,,,,,,,,,,,,,,,,,,,
Q03111,Q6IA86,Q03468,P42568,P55199,Q6IN85,Q8N5P1,,,,,,,,,,,,,,,,,,,,,,,,,,,,,,,,,,,,,,,,
Q9NXX6,Q96MF7,Q8IY18,Q96MG7,Q8WV22,Q96SB8,Q96SI9,Q6P1N0,,,,,,,,,,,,,,,,,,,,,,,,,,,,,,,,,,,,,,,
Q9H2W6,Q96GC5,Q9NQ50,Q9H2U1,Q6P1L5,Q6P1L8,,,,,,,,,,,,,,,,,,,,,,,,,,,,,,,,,,,,,,,,,
Q9H7S9,P33240,P04080,Q92945,O75909,P49773,Q96ST3,Q5VT52,Q9BX68,P00441,Q9H0L4,Q13126,,,,,,,,,,,,,,,,,,,,,,,,,,,,,,,,,,,
P30566,Q96GQ7,P30622,O00541,,,,,,,,,,,,,,,,,,,,,,,,,,,,,,,,,,,,,,,,,,,
Q5T200,Q5T0N5,P49902,P51608,O60828,Q7L2E3,Q9H089,,,,,,,,,,,,,,,,,,,,,,,,,,,,,,,,,,,,,,,,
Q9NYB9,Q92558,Q7L576,Q8WUW1,Q9Y2A7,Q8IZP0,Q9Y6W5,Q9Y6Y0,,,,,,,,,,,,,,,,,,,,,,,,,,,,,,,,,,,,,,,
Q16186,Q9UNF0,Q9UNM6,Q9UNL4,Q96MX6,,,,,,,,,,,,,,,,,,,,,,,,,,,,,,,,,,,,,,,,,,
Q16836,Q9BV20,Q8TAA5,P60983,Q9NUJ1,Q9BW83,,,,,,,,,,,,,,,,,,,,,,,,,,,,,,,,,,,,,,,,,
P60891,Q9Y305,Q9BXB4,Q9BXB5,,,,,,,,,,,,,,,,,,,,,,,,,,,,,,,,,,,,,,,,,,,
O96019,Q8NFD5,P51532,O95994,P51531,Q68CP9,O96013,O14497,O95996,,,,,,,,,,,,,,,,,,,,,,,,,,,,,,,,,,,,,,
Q5T200,Q9Y5B9,Q03188,Q99496,Q9HC52,Q96JP5,O60264,Q06587,P22087,P67870,P19784,Q08945,Q8IXK0,Q71F23,Q69YN4,Q7L2Z9,P68400,Q75N03,Q15007,,,,,,,,,,,,,,,,,,,,,,,,,,,,
Q07666,Q07866,P16402,P16401,,,,,,,,,,,,,,,,,,,,,,,,,,,,,,,,,,,,,,,,,,,
P35580,P13010,P14923,P19793,P06748,P09874,P12956,P09884,P11387,P61244,Q13416,,,,,,,,,,,,,,,,,,,,,,,,,,,,,,,,,,,,
Q9UN86,Q9UN81,P26038,Q9UN79,,,,,,,,,,,,,,,,,,,,,,,,,,,,,,,,,,,,,,,,,,,
Q8IZD2,Q9NVE7,Q8IZ73,Q8IZ83,O00469,,,,,,,,,,,,,,,,,,,,,,,,,,,,,,,,,,,,,,,,,,
Q07157,Q9H2K8,Q9H2J4,Q07065,Q9H2H8,,,,,,,,,,,,,,,,,,,,,,,,,,,,,,,,,,,,,,,,,,
O43143,P10809,Q96I25,Q8IWX8,O15042,O75533,Q7RTV0,P31040,,,,,,,,,,,,,,,,,,,,,,,,,,,,,,,,,,,,,,,
O00257,O00233,O00267,O43719,Q9Y580,,,,,,,,,,,,,,,,,,,,,,,,,,,,,,,,,,,,,,,,,,
Q9Y375,Q9Y376,Q9NX18,Q53S33,O75391,,,,,,,,,,,,,,,,,,,,,,,,,,,,,,,,,,,,,,,,,,
O15550,O43164,Q8NEZ4,Q8WUI4,,,,,,,,,,,,,,,,,,,,,,,,,,,,,,,,,,,,,,,,,,,
Q13618,Q96KB5,Q13617,Q13616,Q96K76,,,,,,,,,,,,,,,,,,,,,,,,,,,,,,,,,,,,,,,,,,
P02786,P05543,Q9NZP8,P02748,P06727,P05156,P02649,P02749,P02652,P02656,,,,,,,,,,,,,,,,,,,,,,,,,,,,,,,,,,,,,
P45973,P43686,P43897,P45974,P45880,,,,,,,,,,,,,,,,,,,,,,,,,,,,,,,,,,,,,,,,,,
Q13642,Q13670,Q16836,Q13630,Q9BV20,Q9Y2M5,,,,,,,,,,,,,,,,,,,,,,,,,,,,,,,,,,,,,,,,,
Q8N5L8,Q8N5C6,Q8N5I2,Q8IYS1,Q8N5M1,,,,,,,,,,,,,,,,,,,,,,,,,,,,,,,,,,,,,,,,,,
Q9H7Z6,Q16594,Q7Z3B3,Q7Z2Z2,Q7Z3E2,,,,,,,,,,,,,,,,,,,,,,,,,,,,,,,,,,,,,,,,,,
Q14141,Q9UHD8,Q16181,Q86UY8,Q15019,Q86UW9,Q96D46,,,,,,,,,,,,,,,,,,,,,,,,,,,,,,,,,,,,,,,,
P61218,Q9H5H4,P47813,Q9C086,Q9UEE9,Q9C0C9,Q8WVC0,,,,,,,,,,,,,,,,,,,,,,,,,,,,,,,,,,,,,,,,
Q9NPI6,Q96BP3,Q9NXE8,Q9NPJ3,Q96BR5,,,,,,,,,,,,,,,,,,,,,,,,,,,,,,,,,,,,,,,,,,
Q9Y230,Q9HAF1,Q49A26,Q99549,Q9UBU8,Q9NV56,Q15014,Q15906,Q96L91,Q8NEY8,,,,,,,,,,,,,,,,,,,,,,,,,,,,,,,,,,,,,
P13674,P13667,P13646,,,,,,,,,,,,,,,,,,,,,,,,,,,,,,,,,,,,,,,,,,,,
Q8N108,Q13127,Q8N3X1,Q96KQ7,Q8N129,O95785,,,,,,,,,,,,,,,,,,,,,,,,,,,,,,,,,,,,,,,,,
Q9NP81,Q13564,Q9UQ80,Q9UBE0,Q9UQ13,,,,,,,,,,,,,,,,,,,,,,,,,,,,,,,,,,,,,,,,,,
Q09161,O43148,P52298,Q9H814,P06730,Q9H9G7,Q9BTL3,,,,,,,,,,,,,,,,,,,,,,,,,,,,,,,,,,,,,,,,
Q8N0Y2,Q8N0Z6,P13674,Q13371,,,,,,,,,,,,,,,,,,,,,,,,,,,,,,,,,,,,,,,,,,,
O15355,O15347,Q8TDM6,Q9UNF1,,,,,,,,,,,,,,,,,,,,,,,,,,,,,,,,,,,,,,,,,,,
P52907,Q5NDL2,Q8N3R9,Q9Y5K6,P47756,Q96B97,Q96L92,Q9UMX5,,,,,,,,,,,,,,,,,,,,,,,,,,,,,,,,,,,,,,,
Q9BYG5,P41743,Q9BYD6,Q15334,P42025,,,,,,,,,,,,,,,,,,,,,,,,,,,,,,,,,,,,,,,,,,
Q07157,Q16630,P19447,Q14444,Q8N684,O43809,Q14554,,,,,,,,,,,,,,,,,,,,,,,,,,,,,,,,,,,,,,,,
Q9Y375,Q9BZL1,P83876,Q9NX18,Q9UBR2,,,,,,,,,,,,,,,,,,,,,,,,,,,,,,,,,,,,,,,,,,
Q9H1I8,Q8N3C0,Q8WU90,Q9NW07,,,,,,,,,,,,,,,,,,,,,,,,,,,,,,,,,,,,,,,,,,,
Q4V328,Q53EL6,Q9BZZ5,,,,,,,,,,,,,,,,,,,,,,,,,,,,,,,,,,,,,,,,,,,,
Q9NP77,Q9NP74,Q9NP66,Q9NP61,,,,,,,,,,,,,,,,,,,,,,,,,,,,,,,,,,,,,,,,,,,
P09651,P04062,P04075,P09525,,,,,,,,,,,,,,,,,,,,,,,,,,,,,,,,,,,,,,,,,,,
Q9BYG5,Q15361,Q15311,Q15334,Q15326,Q96M96,,,,,,,,,,,,,,,,,,,,,,,,,,,,,,,,,,,,,,,,,
Q3YEC7,Q9NRF9,Q9NRG0,O60870,,,,,,,,,,,,,,,,,,,,,,,,,,,,,,,,,,,,,,,,,,,
Q13227,P17275,P17535,Q13214,,,,,,,,,,,,,,,,,,,,,,,,,,,,,,,,,,,,,,,,,,,
Q8N4C8,Q8N465,Q8N488,Q8N4P3,Q96RU3,,,,,,,,,,,,,,,,,,,,,,,,,,,,,,,,,,,,,,,,,,
Q6P1M3,Q6P1K8,Q6P1L5,Q6P1L8,Q6P1N0,,,,,,,,,,,,,,,,,,,,,,,,,,,,,,,,,,,,,,,,,,
P52434,P36954,P19388,Q5U5X0,,,,,,,,,,,,,,,,,,,,,,,,,,,,,,,,,,,,,,,,,,,
P35222,P48729,P35221,A1A4S6,,,,,,,,,,,,,,,,,,,,,,,,,,,,,,,,,,,,,,,,,,,
P26447,P26599,P26368,P26440,P26358,,,,,,,,,,,,,,,,,,,,,,,,,,,,,,,,,,,,,,,,,,
Q9BXR0,P42765,P42771,Q9BUE6,Q96G04,Q9HB07,,,,,,,,,,,,,,,,,,,,,,,,,,,,,,,,,,,,,,,,,
Q9BTV6,Q9BU70,Q9BUE6,Q9BTY2,,,,,,,,,,,,,,,,,,,,,,,,,,,,,,,,,,,,,,,,,,,
Q16539,Q9NYL2,Q12802,,,,,,,,,,,,,,,,,,,,,,,,,,,,,,,,,,,,,,,,,,,,
Q32MZ4,Q86SX3,Q32P44,Q2T9J0,Q3B7J2,,,,,,,,,,,,,,,,,,,,,,,,,,,,,,,,,,,,,,,,,,
Q9NQP4,Q99471,Q2KHT3,O43396,,,,,,,,,,,,,,,,,,,,,,,,,,,,,,,,,,,,,,,,,,,
Q9H845,Q8IYS1,Q8N5M1,Q9BVS5,,,,,,,,,,,,,,,,,,,,,,,,,,,,,,,,,,,,,,,,,,,
Q16656,P54725,Q16626,Q16600,,,,,,,,,,,,,,,,,,,,,,,,,,,,,,,,,,,,,,,,,,,
Q9Y5U2,Q9Y5L4,Q9Y3D0,Q9Y5V0,Q9Y5J9,,,,,,,,,,,,,,,,,,,,,,,,,,,,,,,,,,,,,,,,,,
P49841,Q9HB71,Q92624,Q05682,,,,,,,,,,,,,,,,,,,,,,,,,,,,,,,,,,,,,,,,,,,
Q9NVD7,Q9NVM9,Q9NVM4,Q9NPI1,,,,,,,,,,,,,,,,,,,,,,,,,,,,,,,,,,,,,,,,,,,
Q9H0C8,Q92673,Q86X40,Q9H098,,,,,,,,,,,,,,,,,,,,,,,,,,,,,,,,,,,,,,,,,,,
Q6PD74,P59998,P58012,P58107,P58546,,,,,,,,,,,,,,,,,,,,,,,,,,,,,,,,,,,,,,,,,,
Q14687,Q14684,Q96EI5,,,,,,,,,,,,,,,,,,,,,,,,,,,,,,,,,,,,,,,,,,,,
Q6VN20,Q9H7D7,Q96HS1,Q96S59,Q9UL63,P62699,Q9NWU2,,,,,,,,,,,,,,,,,,,,,,,,,,,,,,,,,,,,,,,,
Q12904,O43324,P41252,P14868,Q13155,P54136,Q9P2J5,Q13151,,,,,,,,,,,,,,,,,,,,,,,,,,,,,,,,,,,,,,,
Q96FQ6,Q96FS4,Q96FN4,Q9HCY8,,,,,,,,,,,,,,,,,,,,,,,,,,,,,,,,,,,,,,,,,,,
P07339,P20810,P20827,P31151,P32119,,,,,,,,,,,,,,,,,,,,,,,,,,,,,,,,,,,,,,,,,,
Q86XX4,Q9NXJ5,P46527,Q96DX5,P17540,Q92823,,,,,,,,,,,,,,,,,,,,,,,,,,,,,,,,,,,,,,,,,
O60832,Q9NX24,Q15185,Q86US8,O60841,,,,,,,,,,,,,,,,,,,,,,,,,,,,,,,,,,,,,,,,,,
Q13574,Q13595,Q13610,Q6ZN08,,,,,,,,,,,,,,,,,,,,,,,,,,,,,,,,,,,,,,,,,,,
P61970,P39748,Q8N1F7,Q8WUM0,,,,,,,,,,,,,,,,,,,,,,,,,,,,,,,,,,,,,,,,,,,
O75152,Q9UBU9,Q8NI27,P82979,Q13838,Q86W42,Q13769,Q6I9Y2,Q96J01,,,,,,,,,,,,,,,,,,,,,,,,,,,,,,,,,,,,,,
Q9H5X1,O76071,Q9H5V9,Q8N8Y5,,,,,,,,,,,,,,,,,,,,,,,,,,,,,,,,,,,,,,,,,,,
P78362,Q9Y3A4,Q8N8Y5,P78356,,,,,,,,,,,,,,,,,,,,,,,,,,,,,,,,,,,,,,,,,,,
Q96SW2,Q96SY0,Q96SL8,Q96ST2,Q96SU4,,,,,,,,,,,,,,,,,,,,,,,,,,,,,,,,,,,,,,,,,,
Q13416,Q9UFC0,Q9UBD5,Q13425,,,,,,,,,,,,,,,,,,,,,,,,,,,,,,,,,,,,,,,,,,,
Q96AY3,Q96AZ6,O75414,Q6PID6,P55210,,,,,,,,,,,,,,,,,,,,,,,,,,,,,,,,,,,,,,,,,,
O15143,P61160,O15144,P61158,P59998,O15145,O15511,,,,,,,,,,,,,,,,,,,,,,,,,,,,,,,,,,,,,,,,
Q99584,Q96FQ6,Q99570,Q15084,,,,,,,,,,,,,,,,,,,,,,,,,,,,,,,,,,,,,,,,,,,
P26583,P09429,P30101,P26440,Q96FN9,,,,,,,,,,,,,,,,,,,,,,,,,,,,,,,,,,,,,,,,,,
Q9UJV9,P84022,P35813,Q9UL54,Q8WXC6,,,,,,,,,,,,,,,,,,,,,,,,,,,,,,,,,,,,,,,,,,
O75380,O43639,O43678,P11717,O95182,,,,,,,,,,,,,,,,,,,,,,,,,,,,,,,,,,,,,,,,,,
Q13363,Q9H974,P56545,Q96T58,,,,,,,,,,,,,,,,,,,,,,,,,,,,,,,,,,,,,,,,,,,
Q15018,Q9NXR7,Q9NWV8,P46736,Q9NWX5,Q01970,,,,,,,,,,,,,,,,,,,,,,,,,,,,,,,,,,,,,,,,,
P53999,Q8N9N2,Q2KHT3,Q08J23,,,,,,,,,,,,,,,,,,,,,,,,,,,,,,,,,,,,,,,,,,,
Q14444,P49674,Q13283,P57772,Q14554,,,,,,,,,,,,,,,,,,,,,,,,,,,,,,,,,,,,,,,,,,
Q13131,Q9Y478,Q14653,P21281,P54619,,,,,,,,,,,,,,,,,,,,,,,,,,,,,,,,,,,,,,,,,,
P27361,P34896,P28482,P49023,O43813,,,,,,,,,,,,,,,,,,,,,,,,,,,,,,,,,,,,,,,,,,
Q01658,Q01664,A4D1E9,Q9Y6A4,,,,,,,,,,,,,,,,,,,,,,,,,,,,,,,,,,,,,,,,,,,
P62072,Q9Y5L4,Q9Y5J6,Q9Y5J7,P22392,Q9Y5J9,,,,,,,,,,,,,,,,,,,,,,,,,,,,,,,,,,,,,,,,,
Q6P1Q9,Q8NBP7,Q9NUU7,Q9UMR2,,,,,,,,,,,,,,,,,,,,,,,,,,,,,,,,,,,,,,,,,,,
Q9P2R3,Q9P2P5,Q14203,Q96NA2,,,,,,,,,,,,,,,,,,,,,,,,,,,,,,,,,,,,,,,,,,,
P06454,P06132,P06280,P06396,,,,,,,,,,,,,,,,,,,,,,,,,,,,,,,,,,,,,,,,,,,
Q7Z6M1,Q9BV19,O95363,P14735,O14653,O14647,,,,,,,,,,,,,,,,,,,,,,,,,,,,,,,,,,,,,,,,,
P35606,P53618,P53621,P61923,P53611,,,,,,,,,,,,,,,,,,,,,,,,,,,,,,,,,,,,,,,,,,
Q9UNA4,Q86SJ2,Q86SX6,Q9C0A6,,,,,,,,,,,,,,,,,,,,,,,,,,,,,,,,,,,,,,,,,,,
O15226,O15235,Q8WUQ7,O15240,,,,,,,,,,,,,,,,,,,,,,,,,,,,,,,,,,,,,,,,,,,
O76061,O76039,Q86TC9,O76041,,,,,,,,,,,,,,,,,,,,,,,,,,,,,,,,,,,,,,,,,,,
Q15691,Q15650,Q9UPY8,Q15642,Q9H4G0,,,,,,,,,,,,,,,,,,,,,,,,,,,,,,,,,,,,,,,,,,
O75376,Q13363,Q9H974,O60907,Q9BZK7,P56524,Q92828,,,,,,,,,,,,,,,,,,,,,,,,,,,,,,,,,,,,,,,,
Q68CP9,Q68CZ2,Q68D10,,,,,,,,,,,,,,,,,,,,,,,,,,,,,,,,,,,,,,,,,,,,
P46063,Q9P258,Q9P265,Q9P246,,,,,,,,,,,,,,,,,,,,,,,,,,,,,,,,,,,,,,,,,,,
Q15370,Q15369,Q15398,Q15418,,,,,,,,,,,,,,,,,,,,,,,,,,,,,,,,,,,,,,,,,,,
Q9Y3C0,Q12768,Q5T1M5,Q2M389,Q641Q2,O95295,,,,,,,,,,,,,,,,,,,,,,,,,,,,,,,,,,,,,,,,,
Q14966,Q14980,Q14974,Q14C86,Q9ULW0,O14965,,,,,,,,,,,,,,,,,,,,,,,,,,,,,,,,,,,,,,,,,
Q02750,P42694,O14641,Q02790,,,,,,,,,,,,,,,,,,,,,,,,,,,,,,,,,,,,,,,,,,,
P15735,Q9UNN5,P15586,O94888,,,,,,,,,,,,,,,,,,,,,,,,,,,,,,,,,,,,,,,,,,,
Q9BXS5,P61966,Q9Y6Q5,Q10567,O43747,,,,,,,,,,,,,,,,,,,,,,,,,,,,,,,,,,,,,,,,,,
P11766,P52888,P35658,P46976,P15941,P16070,,,,,,,,,,,,,,,,,,,,,,,,,,,,,,,,,,,,,,,,,
P48506,Q9Y2S7,Q4VCS5,Q9Y2U5,,,,,,,,,,,,,,,,,,,,,,,,,,,,,,,,,,,,,,,,,,,
Q12888,Q14676,Q14683,Q86X10,Q9ULW8,,,,,,,,,,,,,,,,,,,,,,,,,,,,,,,,,,,,,,,,,,
Q9H773,Q9NP81,O15067,Q6PI48,Q9UKK9,Q9UNY4,,,,,,,,,,,,,,,,,,,,,,,,,,,,,,,,,,,,,,,,,
P46934,Q00688,Q641Q2,Q00610,Q96AX1,,,,,,,,,,,,,,,,,,,,,,,,,,,,,,,,,,,,,,,,,,
P36969,Q96KB5,P37198,P36957,Q02218,,,,,,,,,,,,,,,,,,,,,,,,,,,,,,,,,,,,,,,,,,
Q8TB45,Q8TB22,Q8TBC3,Q8TBB1,,,,,,,,,,,,,,,,,,,,,,,,,,,,,,,,,,,,,,,,,,,
P80303,Q6Y2X3,Q6YN16,Q14241,,,,,,,,,,,,,,,,,,,,,,,,,,,,,,,,,,,,,,,,,,,
Q9Y282,Q9HAN9,Q9Y697,Q9GZZ9,,,,,,,,,,,,,,,,,,,,,,,,,,,,,,,,,,,,,,,,,,,
Q9UHB7,O60583,P50750,P51825,,,,,,,,,,,,,,,,,,,,,,,,,,,,,,,,,,,,,,,,,,,
P15927,P35244,P40692,P27694,O60613,Q92889,,,,,,,,,,,,,,,,,,,,,,,,,,,,,,,,,,,,,,,,,
Q08257,P61604,P55212,Q9HCJ3,,,,,,,,,,,,,,,,,,,,,,,,,,,,,,,,,,,,,,,,,,,
Q15582,Q15561,O75629,Q8N8A2,,,,,,,,,,,,,,,,,,,,,,,,,,,,,,,,,,,,,,,,,,,
P60842,P60660,Q9Y570,Q9Y6Y8,,,,,,,,,,,,,,,,,,,,,,,,,,,,,,,,,,,,,,,,,,,
P82912,P82664,P82932,P82909,P82650,P53667,,,,,,,,,,,,,,,,,,,,,,,,,,,,,,,,,,,,,,,,,
Q8NCE0,Q8WW01,Q7Z6I8,Q7Z6J9,,,,,,,,,,,,,,,,,,,,,,,,,,,,,,,,,,,,,,,,,,,
O00142,P41250,Q9HA77,Q9NR12,Q9NR19,P41240,,,,,,,,,,,,,,,,,,,,,,,,,,,,,,,,,,,,,,,,,
O60885,Q9Y388,O60563,Q9Y383,,,,,,,,,,,,,,,,,,,,,,,,,,,,,,,,,,,,,,,,,,,
Q8TB45,P49840,Q9NY33,Q8TB22,P52735,Q8TBC3,Q8TBB1,,,,,,,,,,,,,,,,,,,,,,,,,,,,,,,,,,,,,,,,
Q9H7L9,P51858,Q9Y2U8,P08047,,,,,,,,,,,,,,,,,,,,,,,,,,,,,,,,,,,,,,,,,,,
O75688,Q9Y657,Q8WTS6,Q99614,,,,,,,,,,,,,,,,,,,,,,,,,,,,,,,,,,,,,,,,,,,
P55268,O15230,P11047,P55265,P11171,,,,,,,,,,,,,,,,,,,,,,,,,,,,,,,,,,,,,,,,,,
Q9H0C8,Q9H0J9,Q9UJJ9,O75970,P18031,Q96QG7,Q86X40,,,,,,,,,,,,,,,,,,,,,,,,,,,,,,,,,,,,,,,,
Q9UPT8,Q9UPW0,Q9UPT9,Q9NPA8,,,,,,,,,,,,,,,,,,,,,,,,,,,,,,,,,,,,,,,,,,,
O75683,O00418,O75925,P36915,,,,,,,,,,,,,,,,,,,,,,,,,,,,,,,,,,,,,,,,,,,
P63151,P63098,P16298,Q08209,,,,,,,,,,,,,,,,,,,,,,,,,,,,,,,,,,,,,,,,,,,
P53384,Q9UI30,P53041,Q7Z4G4,,,,,,,,,,,,,,,,,,,,,,,,,,,,,,,,,,,,,,,,,,,
Q96HJ9,Q8WXE0,Q96HN2,Q96HE7,,,,,,,,,,,,,,,,,,,,,,,,,,,,,,,,,,,,,,,,,,,
Q9Y2G5,Q9BRJ7,Q969U7,Q9Y2H6,,,,,,,,,,,,,,,,,,,,,,,,,,,,,,,,,,,,,,,,,,,
Q9NPD8,Q9NSP4,P06493,Q15121,P16949,,,,,,,,,,,,,,,,,,,,,,,,,,,,,,,,,,,,,,,,,,
P29353,Q92754,P16144,Q92738,,,,,,,,,,,,,,,,,,,,,,,,,,,,,,,,,,,,,,,,,,,
Q15542,P50613,P51948,Q13889,Q6ZYL4,P24863,P51946,P49336,P51911,,,,,,,,,,,,,,,,,,,,,,,,,,,,,,,,,,,,,,
P40425,P40925,O60513,P40424,,,,,,,,,,,,,,,,,,,,,,,,,,,,,,,,,,,,,,,,,,,
O00151,O00154,O00178,O00170,Q9HCJ3,,,,,,,,,,,,,,,,,,,,,,,,,,,,,,,,,,,,,,,,,,
P55957,O14907,Q08AI8,Q17RY0,,,,,,,,,,,,,,,,,,,,,,,,,,,,,,,,,,,,,,,,,,,
P23497,P23368,P23443,P23258,Q9UGJ1,,,,,,,,,,,,,,,,,,,,,,,,,,,,,,,,,,,,,,,,,,
Q8IYB3,P08621,O15234,Q13573,Q9Y3C6,O60563,Q9UQ35,P08651,,,,,,,,,,,,,,,,,,,,,,,,,,,,,,,,,,,,,,,
Q8NFW1,Q8NHP8,Q8NI22,P53004,Q8NHU6,,,,,,,,,,,,,,,,,,,,,,,,,,,,,,,,,,,,,,,,,,
P68371,P61163,Q9ULV4,Q9ULW0,,,,,,,,,,,,,,,,,,,,,,,,,,,,,,,,,,,,,,,,,,,
Q9H5N1,Q9H5V9,Q9H4Z3,Q9H4M9,,,,,,,,,,,,,,,,,,,,,,,,,,,,,,,,,,,,,,,,,,,
Q99784,Q99798,Q99755,Q9NQR4,,,,,,,,,,,,,,,,,,,,,,,,,,,,,,,,,,,,,,,,,,,
O95433,O95479,O95456,O95425,Q6N021,,,,,,,,,,,,,,,,,,,,,,,,,,,,,,,,,,,,,,,,,,
Q13011,P53004,P54819,Q9BS92,,,,,,,,,,,,,,,,,,,,,,,,,,,,,,,,,,,,,,,,,,,
Q9BXS6,Q5VV52,Q5VWQ0,Q5VWG9,Q13586,,,,,,,,,,,,,,,,,,,,,,,,,,,,,,,,,,,,,,,,,,
P05023,Q7Z3K3,P05067,Q8IZ69,,,,,,,,,,,,,,,,,,,,,,,,,,,,,,,,,,,,,,,,,,,
Q8NCW5,P49770,Q16740,Q9UGK3,,,,,,,,,,,,,,,,,,,,,,,,,,,,,,,,,,,,,,,,,,,
P63010,P63098,P16298,O95782,,,,,,,,,,,,,,,,,,,,,,,,,,,,,,,,,,,,,,,,,,,
P18859,P30049,P25705,P56385,Q9Y6H1,,,,,,,,,,,,,,,,,,,,,,,,,,,,,,,,,,,,,,,,,,
P18433,Q9UM47,Q13191,P00533,Q2M296,,,,,,,,,,,,,,,,,,,,,,,,,,,,,,,,,,,,,,,,,,
Q9NVS9,P04818,Q9NVR0,Q16798,,,,,,,,,,,,,,,,,,,,,,,,,,,,,,,,,,,,,,,,,,,
Q9BRP8,Q8WXX5,Q9Y5S9,Q9H7E2,,,,,,,,,,,,,,,,,,,,,,,,,,,,,,,,,,,,,,,,,,,
Q12933,Q12929,Q9UM82,Q9UMS6,O43318,,,,,,,,,,,,,,,,,,,,,,,,,,,,,,,,,,,,,,,,,,
P48553,Q96Q05,P48507,P48444,,,,,,,,,,,,,,,,,,,,,,,,,,,,,,,,,,,,,,,,,,,
Q96AB6,Q96AC1,Q92870,Q12965,,,,,,,,,,,,,,,,,,,,,,,,,,,,,,,,,,,,,,,,,,,
Q9NYV4,Q9NYU2,Q9NZB2,O60716,,,,,,,,,,,,,,,,,,,,,,,,,,,,,,,,,,,,,,,,,,,
P09622,Q96KB5,Q5JTD0,Q02218,P09497,,,,,,,,,,,,,,,,,,,,,,,,,,,,,,,,,,,,,,,,,,
Q8IUD2,Q8IUF8,Q8N5P1,Q8IUW5,,,,,,,,,,,,,,,,,,,,,,,,,,,,,,,,,,,,,,,,,,,
Q09161,Q86U42,P10155,O43148,P52298,Q9H814,Q9BTL3,,,,,,,,,,,,,,,,,,,,,,,,,,,,,,,,,,,,,,,,
Q13564,O95777,Q9Y224,Q9Y5K5,Q9Y244,Q9Y223,,,,,,,,,,,,,,,,,,,,,,,,,,,,,,,,,,,,,,,,,
Q96HR8,Q14331,Q8TBZ6,Q8TBB5,O00567,,,,,,,,,,,,,,,,,,,,,,,,,,,,,,,,,,,,,,,,,,
P04843,P27824,Q9UGN5,P39656,,,,,,,,,,,,,,,,,,,,,,,,,,,,,,,,,,,,,,,,,,,
Q9NZB8,Q9NZ72,Q9NZ63,Q9NZC9,,,,,,,,,,,,,,,,,,,,,,,,,,,,,,,,,,,,,,,,,,,
Q96HN2,P11216,Q96I15,Q96HE7,P11274,,,,,,,,,,,,,,,,,,,,,,,,,,,,,,,,,,,,,,,,,,
Q13574,P13489,P13639,Q13586,,,,,,,,,,,,,,,,,,,,,,,,,,,,,,,,,,,,,,,,,,,
O95163,Q6IA86,Q9H9T3,Q6IN85,,,,,,,,,,,,,,,,,,,,,,,,,,,,,,,,,,,,,,,,,,,
Q9UNA4,Q6UWE0,Q86SJ2,Q9BZH6,Q6UW63,,,,,,,,,,,,,,,,,,,,,,,,,,,,,,,,,,,,,,,,,,
Q9H5X1,O94762,O76071,Q8N8Y5,,,,,,,,,,,,,,,,,,,,,,,,,,,,,,,,,,,,,,,,,,,
Q15691,Q15650,Q15648,Q15642,,,,,,,,,,,,,,,,,,,,,,,,,,,,,,,,,,,,,,,,,,,
Q9C0D3,Q9C0H9,Q9C0D5,,,,,,,,,,,,,,,,,,,,,,,,,,,,,,,,,,,,,,,,,,,,
Q9Y4K0,Q8IWT6,Q9NSK0,Q9NT62,,,,,,,,,,,,,,,,,,,,,,,,,,,,,,,,,,,,,,,,,,,
Q9P2B7,Q9P275,Q9P2E9,Q9P289,,,,,,,,,,,,,,,,,,,,,,,,,,,,,,,,,,,,,,,,,,,
Q9HB90,O43504,Q7L523,Q9HBF4,Q7L7X3,,,,,,,,,,,,,,,,,,,,,,,,,,,,,,,,,,,,,,,,,,
Q00688,Q00796,Q01085,Q00610,,,,,,,,,,,,,,,,,,,,,,,,,,,,,,,,,,,,,,,,,,,
P23528,P23588,P23771,P62633,,,,,,,,,,,,,,,,,,,,,,,,,,,,,,,,,,,,,,,,,,,
Q8IX01,Q8IX04,Q8IWZ3,Q86Y46,,,,,,,,,,,,,,,,,,,,,,,,,,,,,,,,,,,,,,,,,,,
P07437,P21333,P31949,P27635,P35080,P02462,,,,,,,,,,,,,,,,,,,,,,,,,,,,,,,,,,,,,,,,,
O00764,O00757,Q96FN9,P55786,,,,,,,,,,,,,,,,,,,,,,,,,,,,,,,,,,,,,,,,,,,
Q15056,Q15057,Q15058,Q15061,Q15067,,,,,,,,,,,,,,,,,,,,,,,,,,,,,,,,,,,,,,,,,,
Q9H845,Q9H832,Q9H857,Q9H900,Q9H8G2,Q9H8X2,Q9H8W4,,,,,,,,,,,,,,,,,,,,,,,,,,,,,,,,,,,,,,,,
P51571,O60664,P51610,O00268,,,,,,,,,,,,,,,,,,,,,,,,,,,,,,,,,,,,,,,,,,,
Q96SL8,Q96ST2,Q9BQE9,Q9BR76,,,,,,,,,,,,,,,,,,,,,,,,,,,,,,,,,,,,,,,,,,,
Q8N1N4,Q8N3C0,Q8N1G4,Q96P63,Q02413,,,,,,,,,,,,,,,,,,,,,,,,,,,,,,,,,,,,,,,,,,
Q8NEJ9,Q9NY61,Q9BSC4,O14646,Q9UK33,,,,,,,,,,,,,,,,,,,,,,,,,,,,,,,,,,,,,,,,,,
Q9UKW4,O60879,O60841,Q9UKN8,,,,,,,,,,,,,,,,,,,,,,,,,,,,,,,,,,,,,,,,,,,
Q9NSB8,Q9NSC5,Q9NS86,Q8NE71,Q9NSD9,,,,,,,,,,,,,,,,,,,,,,,,,,,,,,,,,,,,,,,,,,
O43617,Q9Y296,Q9UL33,Q9Y5R8,Q86SZ2,Q8IUR0,,,,,,,,,,,,,,,,,,,,,,,,,,,,,,,,,,,,,,,,,
Q9BV79,Q9BYB4,Q9BYE2,Q9Y2K2,,,,,,,,,,,,,,,,,,,,,,,,,,,,,,,,,,,,,,,,,,,
Q96JK9,Q2M2I8,P09110,Q9NRM7,,,,,,,,,,,,,,,,,,,,,,,,,,,,,,,,,,,,,,,,,,,
P49356,Q92696,P43034,P49354,,,,,,,,,,,,,,,,,,,,,,,,,,,,,,,,,,,,,,,,,,,
P49327,Q13574,P19367,P13639,,,,,,,,,,,,,,,,,,,,,,,,,,,,,,,,,,,,,,,,,,,
Q14119,Q14135,Q14137,,,,,,,,,,,,,,,,,,,,,,,,,,,,,,,,,,,,,,,,,,,,
P15735,Q13509,Q9UKS6,Q8IUF8,Q3B7J2,Q13501,,,,,,,,,,,,,,,,,,,,,,,,,,,,,,,,,,,,,,,,,
Q8IVH8,Q8IV36,Q8IV38,,,,,,,,,,,,,,,,,,,,,,,,,,,,,,,,,,,,,,,,,,,,
O14828,Q9UQB3,Q92820,,,,,,,,,,,,,,,,,,,,,,,,,,,,,,,,,,,,,,,,,,,,
P15848,Q9Y303,Q9H2U2,Q9Y2X9,,,,,,,,,,,,,,,,,,,,,,,,,,,,,,,,,,,,,,,,,,,
Q6PID8,Q6PIJ6,Q6PIY7,,,,,,,,,,,,,,,,,,,,,,,,,,,,,,,,,,,,,,,,,,,,
Q9NVD7,P48059,Q13418,Q9NVH0,Q13425,,,,,,,,,,,,,,,,,,,,,,,,,,,,,,,,,,,,,,,,,,
Q969X6,O14771,O14770,O14776,,,,,,,,,,,,,,,,,,,,,,,,,,,,,,,,,,,,,,,,,,,
P63167,Q96FJ2,P63172,P51808,,,,,,,,,,,,,,,,,,,,,,,,,,,,,,,,,,,,,,,,,,,
P56945,Q96S66,Q9BSH5,Q9Y490,O95834,,,,,,,,,,,,,,,,,,,,,,,,,,,,,,,,,,,,,,,,,,
Q15652,Q15654,Q15714,,,,,,,,,,,,,,,,,,,,,,,,,,,,,,,,,,,,,,,,,,,,
P43251,Q96I24,Q96I15,P43490,,,,,,,,,,,,,,,,,,,,,,,,,,,,,,,,,,,,,,,,,,,
O00257,O00233,O00267,P25490,O43719,,,,,,,,,,,,,,,,,,,,,,,,,,,,,,,,,,,,,,,,,,
Q96HC4,Q96HN2,Q96GX9,Q96H79,Q96HE7,Q96GW9,Q96HA8,,,,,,,,,,,,,,,,,,,,,,,,,,,,,,,,,,,,,,,,
Q15042,Q9H2P0,Q8WY54,Q9H2M9,Q96FN4,,,,,,,,,,,,,,,,,,,,,,,,,,,,,,,,,,,,,,,,,,
Q9ULK4,O75586,Q96PN7,Q96PK6,,,,,,,,,,,,,,,,,,,,,,,,,,,,,,,,,,,,,,,,,,,
Q14914,Q5JTJ3,Q8N0U4,Q9NS18,,,,,,,,,,,,,,,,,,,,,,,,,,,,,,,,,,,,,,,,,,,
P32322,Q9NYF8,O15027,Q9NWH9,,,,,,,,,,,,,,,,,,,,,,,,,,,,,,,,,,,,,,,,,,,
P53384,P31749,O75674,P53041,,,,,,,,,,,,,,,,,,,,,,,,,,,,,,,,,,,,,,,,,,,
Q15785,Q15797,Q15796,Q13485,Q15811,,,,,,,,,,,,,,,,,,,,,,,,,,,,,,,,,,,,,,,,,,
O75380,O43681,O43639,O43670,O43678,O95182,,,,,,,,,,,,,,,,,,,,,,,,,,,,,,,,,,,,,,,,,
Q9Y5X2,Q9Y5Z7,Q13257,Q12834,,,,,,,,,,,,,,,,,,,,,,,,,,,,,,,,,,,,,,,,,,,
Q9UNA4,Q9BYW2,Q9BZE2,Q9BZ29,,,,,,,,,,,,,,,,,,,,,,,,,,,,,,,,,,,,,,,,,,,
O60232,O60238,O60256,,,,,,,,,,,,,,,,,,,,,,,,,,,,,,,,,,,,,,,,,,,,
Q9NP77,Q9NP74,Q92766,Q9NP66,,,,,,,,,,,,,,,,,,,,,,,,,,,,,,,,,,,,,,,,,,,
Q96PZ0,Q96Q83,Q96QK1,Q4G0F5,O75436,,,,,,,,,,,,,,,,,,,,,,,,,,,,,,,,,,,,,,,,,,
P31150,P31350,P31153,P31483,,,,,,,,,,,,,,,,,,,,,,,,,,,,,,,,,,,,,,,,,,,
Q8WV92,Q9Y294,P50502,Q13112,,,,,,,,,,,,,,,,,,,,,,,,,,,,,,,,,,,,,,,,,,,
Q96C55,Q96CM3,Q96C36,Q9BVP2,,,,,,,,,,,,,,,,,,,,,,,,,,,,,,,,,,,,,,,,,,,
Q8IVH8,Q8IVM0,Q8IY67,Q8IV36,Q8IV38,,,,,,,,,,,,,,,,,,,,,,,,,,,,,,,,,,,,,,,,,,
Q09666,Q86WA6,Q9HBL0,Q86WQ0,,,,,,,,,,,,,,,,,,,,,,,,,,,,,,,,,,,,,,,,,,,
Q8WWX9,Q93015,P33552,P00519,,,,,,,,,,,,,,,,,,,,,,,,,,,,,,,,,,,,,,,,,,,
Q07889,Q9UPN7,Q93008,Q8TE68,,,,,,,,,,,,,,,,,,,,,,,,,,,,,,,,,,,,,,,,,,,
Q8TAF3,Q8TBZ3,P62068,O75317,P35221,,,,,,,,,,,,,,,,,,,,,,,,,,,,,,,,,,,,,,,,,,
O14561,P51970,P51991,P52209,,,,,,,,,,,,,,,,,,,,,,,,,,,,,,,,,,,,,,,,,,,
O75380,P19404,P49821,O43678,O95182,O00115,,,,,,,,,,,,,,,,,,,,,,,,,,,,,,,,,,,,,,,,,
P30566,P30622,P30740,P30626,,,,,,,,,,,,,,,,,,,,,,,,,,,,,,,,,,,,,,,,,,,
Q15648,P28702,P28347,O95402,,,,,,,,,,,,,,,,,,,,,,,,,,,,,,,,,,,,,,,,,,,
P00505,P00966,P00491,P00492,O00204,,,,,,,,,,,,,,,,,,,,,,,,,,,,,,,,,,,,,,,,,,
Q96T37,Q96T51,P11498,P11441,P11413,,,,,,,,,,,,,,,,,,,,,,,,,,,,,,,,,,,,,,,,,,
P25685,Q12851,Q13217,Q9UJW0,,,,,,,,,,,,,,,,,,,,,,,,,,,,,,,,,,,,,,,,,,,
Q9NXH9,Q9NRF8,Q9H0K6,Q9H5V9,Q6T4R5,,,,,,,,,,,,,,,,,,,,,,,,,,,,,,,,,,,,,,,,,,
Q6PKG0,Q96B36,Q9H2P0,Q9H2M9,,,,,,,,,,,,,,,,,,,,,,,,,,,,,,,,,,,,,,,,,,,
O95243,O75608,Q14232,P52758,P25325,P80404,,,,,,,,,,,,,,,,,,,,,,,,,,,,,,,,,,,,,,,,,
P62328,Q99650,Q96DG6,P55789,,,,,,,,,,,,,,,,,,,,,,,,,,,,,,,,,,,,,,,,,,,
O94952,Q9UHY1,P05154,Q9UNN5,O95985,,,,,,,,,,,,,,,,,,,,,,,,,,,,,,,,,,,,,,,,,,
Q9GZR1,Q4G0J3,Q96EY4,Q7L2J0,,,,,,,,,,,,,,,,,,,,,,,,,,,,,,,,,,,,,,,,,,,
P61769,Q6P1X6,Q15833,,,,,,,,,,,,,,,,,,,,,,,,,,,,,,,,,,,,,,,,,,,,
Q13630,P48637,Q9BS92,Q9H993,,,,,,,,,,,,,,,,,,,,,,,,,,,,,,,,,,,,,,,,,,,
Q8N5H7,P26885,Q6P0Q8,Q8N5M4,,,,,,,,,,,,,,,,,,,,,,,,,,,,,,,,,,,,,,,,,,,
Q9UHY1,O95352,Q09161,P52298,O95340,Q9H814,,,,,,,,,,,,,,,,,,,,,,,,,,,,,,,,,,,,,,,,,
P15923,Q99081,Q6P4R8,Q96T58,,,,,,,,,,,,,,,,,,,,,,,,,,,,,,,,,,,,,,,,,,,
Q9H6T0,Q9UGK8,P10253,Q9UMY4,Q8WVJ2,,,,,,,,,,,,,,,,,,,,,,,,,,,,,,,,,,,,,,,,,,
P50238,P50225,O60701,Q8NBF2,,,,,,,,,,,,,,,,,,,,,,,,,,,,,,,,,,,,,,,,,,,
Q9UPW0,Q9H0E3,Q9UPT9,Q9NPA8,,,,,,,,,,,,,,,,,,,,,,,,,,,,,,,,,,,,,,,,,,,
Q13557,Q92793,Q92783,Q06330,,,,,,,,,,,,,,,,,,,,,,,,,,,,,,,,,,,,,,,,,,,
Q96S19,Q96S15,Q96S55,Q96RT1,,,,,,,,,,,,,,,,,,,,,,,,,,,,,,,,,,,,,,,,,,,
Q9Y4E5,Q9Y4E8,Q9Y4F1,Q9Y4F3,,,,,,,,,,,,,,,,,,,,,,,,,,,,,,,,,,,,,,,,,,,
P21912,Q01581,P21860,P21953,,,,,,,,,,,,,,,,,,,,,,,,,,,,,,,,,,,,,,,,,,,
Q9P2D1,Q9P2B2,Q9P2B4,,,,,,,,,,,,,,,,,,,,,,,,,,,,,,,,,,,,,,,,,,,,
Q92759,P29083,Q15542,P50613,Q13888,Q13889,O15514,P62487,Q15545,P32780,Q6ZYL4,P35269,Q5VWG9,P13984,,,,,,,,,,,,,,,,,,,,,,,,,,,,,,,,,
P07384,Q9UHR4,Q9UHN1,P04155,,,,,,,,,,,,,,,,,,,,,,,,,,,,,,,,,,,,,,,,,,,
O95671,Q99755,O95644,O95639,,,,,,,,,,,,,,,,,,,,,,,,,,,,,,,,,,,,,,,,,,,
Q9UNE7,Q9UJY1,P29401,,,,,,,,,,,,,,,,,,,,,,,,,,,,,,,,,,,,,,,,,,,,
O60313,O60292,O60437,Q9H3F6,,,,,,,,,,,,,,,,,,,,,,,,,,,,,,,,,,,,,,,,,,,
O43290,P50454,P50502,Q13112,,,,,,,,,,,,,,,,,,,,,,,,,,,,,,,,,,,,,,,,,,,
Q96EP5,Q96EL3,O14618,Q15942,O14639,,,,,,,,,,,,,,,,,,,,,,,,,,,,,,,,,,,,,,,,,,
Q9NTZ6,Q9NTM9,Q96HA7,Q9NTJ4,Q9NTK5,,,,,,,,,,,,,,,,,,,,,,,,,,,,,,,,,,,,,,,,,,
Q13131,Q9Y478,Q14653,P61289,Q9Y4K4,P54619,,,,,,,,,,,,,,,,,,,,,,,,,,,,,,,,,,,,,,,,,
P13010,P05198,O60884,P20042,P12956,Q9BY44,P41091,Q9NXC5,,,,,,,,,,,,,,,,,,,,,,,,,,,,,,,,,,,,,,,
Q93052,Q93099,Q96RN5,Q93074,,,,,,,,,,,,,,,,,,,,,,,,,,,,,,,,,,,,,,,,,,,
Q53SF7,Q53TQ3,Q6NXG1,Q9H981,,,,,,,,,,,,,,,,,,,,,,,,,,,,,,,,,,,,,,,,,,,
Q8TAF3,P62068,O15344,P78318,P35221,,,,,,,,,,,,,,,,,,,,,,,,,,,,,,,,,,,,,,,,,,
P42167,P42224,Q96DB5,,,,,,,,,,,,,,,,,,,,,,,,,,,,,,,,,,,,,,,,,,,,
Q01658,Q01664,Q96BU1,Q9Y6A4,,,,,,,,,,,,,,,,,,,,,,,,,,,,,,,,,,,,,,,,,,,
Q9UPP1,Q96RN5,Q09472,Q93074,,,,,,,,,,,,,,,,,,,,,,,,,,,,,,,,,,,,,,,,,,,
Q13546,Q9ULZ3,P21860,P04181,,,,,,,,,,,,,,,,,,,,,,,,,,,,,,,,,,,,,,,,,,,
O14771,O14745,O14770,O14776,,,,,,,,,,,,,,,,,,,,,,,,,,,,,,,,,,,,,,,,,,,
P13797,Q9H2G2,Q6PJ69,Q16881,,,,,,,,,,,,,,,,,,,,,,,,,,,,,,,,,,,,,,,,,,,
Q12933,Q12929,Q12959,Q12955,Q9NZN5,,,,,,,,,,,,,,,,,,,,,,,,,,,,,,,,,,,,,,,,,,
Q9UHR4,Q9UHN1,O95757,P04155,,,,,,,,,,,,,,,,,,,,,,,,,,,,,,,,,,,,,,,,,,,
O15357,P24534,Q96EV2,P24593,,,,,,,,,,,,,,,,,,,,,,,,,,,,,,,,,,,,,,,,,,,
Q86XK2,Q9HAW4,Q9NVH0,Q86XJ1,,,,,,,,,,,,,,,,,,,,,,,,,,,,,,,,,,,,,,,,,,,
Q70Z53,Q6ZW49,Q9BTK6,Q70E73,,,,,,,,,,,,,,,,,,,,,,,,,,,,,,,,,,,,,,,,,,,
Q9NYR9,Q9NYS7,Q9UL25,Q9Y217,,,,,,,,,,,,,,,,,,,,,,,,,,,,,,,,,,,,,,,,,,,
P47224,Q9BQG2,O75063,Q96M27,,,,,,,,,,,,,,,,,,,,,,,,,,,,,,,,,,,,,,,,,,,
Q7Z7H8,Q9BRJ2,P49406,Q9BRF8,,,,,,,,,,,,,,,,,,,,,,,,,,,,,,,,,,,,,,,,,,,
Q96EK6,Q96EK9,P51003,Q17RY0,,,,,,,,,,,,,,,,,,,,,,,,,,,,,,,,,,,,,,,,,,,
Q9UKY1,O60675,Q9UBK9,Q8IY21,,,,,,,,,,,,,,,,,,,,,,,,,,,,,,,,,,,,,,,,,,,
Q9NSB8,Q9UBL3,Q15276,Q15262,Q9UQ13,,,,,,,,,,,,,,,,,,,,,,,,,,,,,,,,,,,,,,,,,,
O14561,P51970,P28482,P28331,P28340,,,,,,,,,,,,,,,,,,,,,,,,,,,,,,,,,,,,,,,,,,
O95628,Q9H9A5,O75493,Q9UKZ1,,,,,,,,,,,,,,,,,,,,,,,,,,,,,,,,,,,,,,,,,,,
Q96T88,Q93009,P26358,Q92997,,,,,,,,,,,,,,,,,,,,,,,,,,,,,,,,,,,,,,,,,,,
Q9P2J3,Q9P2N7,Q8TB05,O43353,,,,,,,,,,,,,,,,,,,,,,,,,,,,,,,,,,,,,,,,,,,
Q9HD42,P52948,P78406,Q8NEB9,,,,,,,,,,,,,,,,,,,,,,,,,,,,,,,,,,,,,,,,,,,
Q7L1V2,P56945,Q07912,Q9Y490,,,,,,,,,,,,,,,,,,,,,,,,,,,,,,,,,,,,,,,,,,,
Q9BYJ9,Q9BYN0,Q9BYT8,Q9BYK8,,,,,,,,,,,,,,,,,,,,,,,,,,,,,,,,,,,,,,,,,,,
Q96IY1,Q96IZ0,Q9H081,Q6P1K2,Q9H410,Q9H3S7,,,,,,,,,,,,,,,,,,,,,,,,,,,,,,,,,,,,,,,,,
P16152,P34059,P16278,P10619,P16083,,,,,,,,,,,,,,,,,,,,,,,,,,,,,,,,,,,,,,,,,,
P18846,P18859,P30049,P25705,P56385,P18754,,,,,,,,,,,,,,,,,,,,,,,,,,,,,,,,,,,,,,,,,
P02787,A8MVU1,A8MXV4,P12110,,,,,,,,,,,,,,,,,,,,,,,,,,,,,,,,,,,,,,,,,,,
P40222,Q8IX12,P40123,,,,,,,,,,,,,,,,,,,,,,,,,,,,,,,,,,,,,,,,,,,,
P05023,Q9UL59,P05067,Q8N9N8,,,,,,,,,,,,,,,,,,,,,,,,,,,,,,,,,,,,,,,,,,,
Q8N6T3,Q8N7X0,Q8N806,Q8N7H5,Q8N8A2,,,,,,,,,,,,,,,,,,,,,,,,,,,,,,,,,,,,,,,,,,
P20674,P10606,P14854,P13073,,,,,,,,,,,,,,,,,,,,,,,,,,,,,,,,,,,,,,,,,,,
Q9BQ15,Q68E01,Q86TI2,O75506,,,,,,,,,,,,,,,,,,,,,,,,,,,,,,,,,,,,,,,,,,,
Q6P6B7,Q6P996,Q6P9B6,Q6P6C2,,,,,,,,,,,,,,,,,,,,,,,,,,,,,,,,,,,,,,,,,,,
P49321,P49006,P49137,P49023,,,,,,,,,,,,,,,,,,,,,,,,,,,,,,,,,,,,,,,,,,,
O60671,Q6ISB3,Q8ND56,Q8ND30,,,,,,,,,,,,,,,,,,,,,,,,,,,,,,,,,,,,,,,,,,,
P52943,P36969,P52747,Q9Y365,P37198,,,,,,,,,,,,,,,,,,,,,,,,,,,,,,,,,,,,,,,,,,
Q86W34,Q86W42,Q86VP1,Q86VP3,,,,,,,,,,,,,,,,,,,,,,,,,,,,,,,,,,,,,,,,,,,
Q15750,O75390,O75582,O75570,,,,,,,,,,,,,,,,,,,,,,,,,,,,,,,,,,,,,,,,,,,
O95243,Q969G6,P25325,O15085,Q5VWZ2,,,,,,,,,,,,,,,,,,,,,,,,,,,,,,,,,,,,,,,,,,
Q8N0W3,Q8N0X7,Q5T440,Q5T5U3,,,,,,,,,,,,,,,,,,,,,,,,,,,,,,,,,,,,,,,,,,,
Q15208,Q8WXI4,Q15257,Q15274,,,,,,,,,,,,,,,,,,,,,,,,,,,,,,,,,,,,,,,,,,,
O43293,O43310,O43298,Q7Z6I8,,,,,,,,,,,,,,,,,,,,,,,,,,,,,,,,,,,,,,,,,,,
P23921,P23588,P23919,Q3ZCW2,,,,,,,,,,,,,,,,,,,,,,,,,,,,,,,,,,,,,,,,,,,
Q04721,Q13546,P29353,P16144,Q04695,,,,,,,,,,,,,,,,,,,,,,,,,,,,,,,,,,,,,,,,,,
B1AK53,E9PRG8,C0HLS1,Q6PCB5,,,,,,,,,,,,,,,,,,,,,,,,,,,,,,,,,,,,,,,,,,,
Q8N6T3,Q8N7X0,Q8N7H5,Q8N8A2,Q6P1J9,,,,,,,,,,,,,,,,,,,,,,,,,,,,,,,,,,,,,,,,,,
Q14558,Q8N4T8,O00764,O75648,Q13492,,,,,,,,,,,,,,,,,,,,,,,,,,,,,,,,,,,,,,,,,,
Q5VV17,Q5VV41,Q5VTR2,O75150,,,,,,,,,,,,,,,,,,,,,,,,,,,,,,,,,,,,,,,,,,,
Q9BYW2,Q9BZE2,Q9BZE4,Q9BZ29,,,,,,,,,,,,,,,,,,,,,,,,,,,,,,,,,,,,,,,,,,,
Q12980,Q8WTW4,Q6PJI9,O75140,Q96S15,,,,,,,,,,,,,,,,,,,,,,,,,,,,,,,,,,,,,,,,,,
Q15025,O43464,O43488,,,,,,,,,,,,,,,,,,,,,,,,,,,,,,,,,,,,,,,,,,,,
Q9NVD7,Q9Y620,Q9NVH0,Q9Y608,,,,,,,,,,,,,,,,,,,,,,,,,,,,,,,,,,,,,,,,,,,
P42574,P42575,Q8IWB7,Q96CN7,,,,,,,,,,,,,,,,,,,,,,,,,,,,,,,,,,,,,,,,,,,
Q15650,Q15648,Q7KZ85,Q71UM5,Q71U36,,,,,,,,,,,,,,,,,,,,,,,,,,,,,,,,,,,,,,,,,,
Q9Y547,Q86Z02,P16083,Q8IU81,,,,,,,,,,,,,,,,,,,,,,,,,,,,,,,,,,,,,,,,,,,
Q9H2P0,Q9H2G2,Q9H2M9,O60763,,,,,,,,,,,,,,,,,,,,,,,,,,,,,,,,,,,,,,,,,,,
O60341,O75362,P78347,Q92896,Q92766,Q9P0W2,Q9NP66,Q9P2K3,,,,,,,,,,,,,,,,,,,,,,,,,,,,,,,,,,,,,,,
P09110,Q9NRM7,O15195,O95721,,,,,,,,,,,,,,,,,,,,,,,,,,,,,,,,,,,,,,,,,,,
Q9UL03,Q5TA45,Q9NV88,Q5TFE4,,,,,,,,,,,,,,,,,,,,,,,,,,,,,,,,,,,,,,,,,,,
O43318,Q8N5C8,Q9Y2D0,Q9Y2D9,,,,,,,,,,,,,,,,,,,,,,,,,,,,,,,,,,,,,,,,,,,
P52434,Q96JC1,Q13952,Q14008,,,,,,,,,,,,,,,,,,,,,,,,,,,,,,,,,,,,,,,,,,,
Q8N5P1,Q9HCU8,Q9HCP0,Q8IUW5,,,,,,,,,,,,,,,,,,,,,,,,,,,,,,,,,,,,,,,,,,,
Q9H773,Q9H6Z4,Q9H6U6,Q9H7C9,Q9H6T3,,,,,,,,,,,,,,,,,,,,,,,,,,,,,,,,,,,,,,,,,,
Q8TEU7,Q8TEU8,Q8TEW0,Q8TEM1,Q92626,,,,,,,,,,,,,,,,,,,,,,,,,,,,,,,,,,,,,,,,,,
P07358,P05543,Q9NZP8,P07360,P02748,P05156,P15169,,,,,,,,,,,,,,,,,,,,,,,,,,,,,,,,,,,,,,,,
Q9NXW2,Q8TAA5,Q8NI35,Q9UDY4,Q5T2T1,,,,,,,,,,,,,,,,,,,,,,,,,,,,,,,,,,,,,,,,,,
P19021,Q96NT3,Q15121,P16949,,,,,,,,,,,,,,,,,,,,,,,,,,,,,,,,,,,,,,,,,,,
Q96RF0,Q96CW1,P63010,O95782,,,,,,,,,,,,,,,,,,,,,,,,,,,,,,,,,,,,,,,,,,,
P09496,P09493,P09497,,,,,,,,,,,,,,,,,,,,,,,,,,,,,,,,,,,,,,,,,,,,
P34897,B1AK53,P34896,A9UHW6,,,,,,,,,,,,,,,,,,,,,,,,,,,,,,,,,,,,,,,,,,,
P49458,Q99417,P78316,P49588,,,,,,,,,,,,,,,,,,,,,,,,,,,,,,,,,,,,,,,,,,,
P49903,Q9NNW7,Q96Q11,,,,,,,,,,,,,,,,,,,,,,,,,,,,,,,,,,,,,,,,,,,,
Q5EBL4,Q5EBL8,Q58FF6,,,,,,,,,,,,,,,,,,,,,,,,,,,,,,,,,,,,,,,,,,,,
Q9Y2J4,Q9BYB4,Q9BYE2,Q9Y2K2,Q9Y2I9,,,,,,,,,,,,,,,,,,,,,,,,,,,,,,,,,,,,,,,,,,
P63165,P63151,P63098,P16298,,,,,,,,,,,,,,,,,,,,,,,,,,,,,,,,,,,,,,,,,,,
Q00325,Q9P016,P99999,,,,,,,,,,,,,,,,,,,,,,,,,,,,,,,,,,,,,,,,,,,,
O14617,Q92572,Q92567,Q92576,,,,,,,,,,,,,,,,,,,,,,,,,,,,,,,,,,,,,,,,,,,
P17676,P17812,P17655,,,,,,,,,,,,,,,,,,,,,,,,,,,,,,,,,,,,,,,,,,,,
Q14152,Q14155,Q9Y2X7,Q14160,,,,,,,,,,,,,,,,,,,,,,,,,,,,,,,,,,,,,,,,,,,
Q08257,P48163,Q6W2J9,P55212,,,,,,,,,,,,,,,,,,,,,,,,,,,,,,,,,,,,,,,,,,,
Q71SY5,Q9ULK4,P48436,Q719H9,,,,,,,,,,,,,,,,,,,,,,,,,,,,,,,,,,,,,,,,,,,
P02533,Q9H0E3,P02545,P02768,P02538,P02462,,,,,,,,,,,,,,,,,,,,,,,,,,,,,,,,,,,,,,,,,
P61457,P22061,Q12962,O00268,,,,,,,,,,,,,,,,,,,,,,,,,,,,,,,,,,,,,,,,,,,
P35613,P35626,Q96DZ1,P14625,,,,,,,,,,,,,,,,,,,,,,,,,,,,,,,,,,,,,,,,,,,
P35637,Q14103,Q92804,O00308,Q01844,,,,,,,,,,,,,,,,,,,,,,,,,,,,,,,,,,,,,,,,,,
Q6ZRV2,Q6ZS17,Q6ZQX7,Q6ZRP7,,,,,,,,,,,,,,,,,,,,,,,,,,,,,,,,,,,,,,,,,,,
Q9NXD2,Q9NXG6,Q9UPS6,Q92551,,,,,,,,,,,,,,,,,,,,,,,,,,,,,,,,,,,,,,,,,,,
Q96F07,Q96F44,Q96F86,,,,,,,,,,,,,,,,,,,,,,,,,,,,,,,,,,,,,,,,,,,,
Q9BQ15,Q9BPX5,Q68E01,Q13148,,,,,,,,,,,,,,,,,,,,,,,,,,,,,,,,,,,,,,,,,,,
O14929,O14910,Q12959,Q9NZN5,O14936,,,,,,,,,,,,,,,,,,,,,,,,,,,,,,,,,,,,,,,,,,
Q8N335,Q86TB9,Q86TG7,,,,,,,,,,,,,,,,,,,,,,,,,,,,,,,,,,,,,,,,,,,,
P78332,Q9BRD0,P78344,,,,,,,,,,,,,,,,,,,,,,,,,,,,,,,,,,,,,,,,,,,,
Q96KP4,Q96KQ4,O75083,O75116,,,,,,,,,,,,,,,,,,,,,,,,,,,,,,,,,,,,,,,,,,,
O60610,Q9Y6M7,Q05397,Q05048,,,,,,,,,,,,,,,,,,,,,,,,,,,,,,,,,,,,,,,,,,,
Q9NZJ9,A6NHX0,Q8WU20,Q8WTX7,,,,,,,,,,,,,,,,,,,,,,,,,,,,,,,,,,,,,,,,,,,
P35606,P35580,P53621,P35573,P61923,,,,,,,,,,,,,,,,,,,,,,,,,,,,,,,,,,,,,,,,,,
Q14147,P42685,P42694,Q14145,,,,,,,,,,,,,,,,,,,,,,,,,,,,,,,,,,,,,,,,,,,
Q9H2W6,Q96GC5,Q9NQ50,Q9NPQ8,Q6P1L5,Q6P1L8,,,,,,,,,,,,,,,,,,,,,,,,,,,,,,,,,,,,,,,,,
O43402,Q9NZL9,O60547,O43399,,,,,,,,,,,,,,,,,,,,,,,,,,,,,,,,,,,,,,,,,,,
Q5TAQ9,Q8WV16,Q58WW2,Q9NV06,Q9NUW8,,,,,,,,,,,,,,,,,,,,,,,,,,,,,,,,,,,,,,,,,,
Q9UJA5,Q9UJ41,Q9UJ70,,,,,,,,,,,,,,,,,,,,,,,,,,,,,,,,,,,,,,,,,,,,
Q9HAV7,P42574,P42575,Q96CN7,,,,,,,,,,,,,,,,,,,,,,,,,,,,,,,,,,,,,,,,,,,
O00425,O75925,Q5T8I3,Q5T8P6,,,,,,,,,,,,,,,,,,,,,,,,,,,,,,,,,,,,,,,,,,,
P54802,P07686,P17050,Q7Z5J4,,,,,,,,,,,,,,,,,,,,,,,,,,,,,,,,,,,,,,,,,,,
Q9NYJ1,P46926,P46937,O95409,,,,,,,,,,,,,,,,,,,,,,,,,,,,,,,,,,,,,,,,,,,
Q9H000,O75061,O60941,O95359,,,,,,,,,,,,,,,,,,,,,,,,,,,,,,,,,,,,,,,,,,,
P35998,Q06323,Q6ZVK8,P62333,,,,,,,,,,,,,,,,,,,,,,,,,,,,,,,,,,,,,,,,,,,
P61086,P61088,Q92630,Q13404,,,,,,,,,,,,,,,,,,,,,,,,,,,,,,,,,,,,,,,,,,,
P12955,Q92585,Q92597,Q92598,,,,,,,,,,,,,,,,,,,,,,,,,,,,,,,,,,,,,,,,,,,
Q12972,Q13541,Q13542,Q12968,,,,,,,,,,,,,,,,,,,,,,,,,,,,,,,,,,,,,,,,,,,
Q5NDL2,Q5MNZ6,Q5JU85,Q5JUR7,,,,,,,,,,,,,,,,,,,,,,,,,,,,,,,,,,,,,,,,,,,
Q96CW1,P63010,Q96CT7,O95782,,,,,,,,,,,,,,,,,,,,,,,,,,,,,,,,,,,,,,,,,,,
Q9H4Z3,Q9H4M9,Q9H668,,,,,,,,,,,,,,,,,,,,,,,,,,,,,,,,,,,,,,,,,,,,
Q9NYR9,Q9NYS7,Q96EY8,Q9Y217,,,,,,,,,,,,,,,,,,,,,,,,,,,,,,,,,,,,,,,,,,,
P55209,Q92522,O75494,P06899,P62380,,,,,,,,,,,,,,,,,,,,,,,,,,,,,,,,,,,,,,,,,,
P36776,Q6IQ23,O75128,,,,,,,,,,,,,,,,,,,,,,,,,,,,,,,,,,,,,,,,,,,,
Q6P1K8,Q6P1L5,Q6P1L8,P84103,Q6P1N0,,,,,,,,,,,,,,,,,,,,,,,,,,,,,,,,,,,,,,,,,,
P61088,Q13409,Q92630,Q13404,,,,,,,,,,,,,,,,,,,,,,,,,,,,,,,,,,,,,,,,,,,
P49356,P43034,P49354,P53582,Q9UGM6,,,,,,,,,,,,,,,,,,,,,,,,,,,,,,,,,,,,,,,,,,
Q2KHR3,Q16610,Q14814,,,,,,,,,,,,,,,,,,,,,,,,,,,,,,,,,,,,,,,,,,,,
Q96HY7,Q6VN20,Q9H7D7,Q96HS1,Q96S59,Q96HM7,Q9UL63,P62699,Q9NWU2,,,,,,,,,,,,,,,,,,,,,,,,,,,,,,,,,,,,,,
Q9Y450,Q9Y4B5,O60936,Q08752,,,,,,,,,,,,,,,,,,,,,,,,,,,,,,,,,,,,,,,,,,,
Q93034,Q9UBF6,Q8TBN0,Q9NWU1,,,,,,,,,,,,,,,,,,,,,,,,,,,,,,,,,,,,,,,,,,,
Q641Q3,Q7Z3B3,Q7Z2Z2,Q7Z3E2,,,,,,,,,,,,,,,,,,,,,,,,,,,,,,,,,,,,,,,,,,,
A1L390,O00461,A4D1E9,Q05513,,,,,,,,,,,,,,,,,,,,,,,,,,,,,,,,,,,,,,,,,,,
Q7Z5U6,Q7Z5L9,Q9H1B7,Q9H173,,,,,,,,,,,,,,,,,,,,,,,,,,,,,,,,,,,,,,,,,,,
Q9UKW4,Q9UKY7,Q9UKX7,Q9UKN8,,,,,,,,,,,,,,,,,,,,,,,,,,,,,,,,,,,,,,,,,,,
P49247,P49321,O14929,P49189,,,,,,,,,,,,,,,,,,,,,,,,,,,,,,,,,,,,,,,,,,,
P55209,Q92522,Q92530,Q92526,P06899,,,,,,,,,,,,,,,,,,,,,,,,,,,,,,,,,,,,,,,,,,
P10075,Q96SI1,Q8NE71,Q8NEP7,,,,,,,,,,,,,,,,,,,,,,,,,,,,,,,,,,,,,,,,,,,
P61599,Q8N573,Q96JC1,Q13952,,,,,,,,,,,,,,,,,,,,,,,,,,,,,,,,,,,,,,,,,,,
Q9HAU0,Q8WX93,Q96B70,,,,,,,,,,,,,,,,,,,,,,,,,,,,,,,,,,,,,,,,,,,,
Q9HCC0,Q9HCD5,Q9HC84,,,,,,,,,,,,,,,,,,,,,,,,,,,,,,,,,,,,,,,,,,,,
P32320,Q8N465,Q8N4P3,Q8N4S9,,,,,,,,,,,,,,,,,,,,,,,,,,,,,,,,,,,,,,,,,,,
P00558,P00568,P00738,,,,,,,,,,,,,,,,,,,,,,,,,,,,,,,,,,,,,,,,,,,,
O76021,Q68DN1,Q68CZ2,Q68D10,,,,,,,,,,,,,,,,,,,,,,,,,,,,,,,,,,,,,,,,,,,
Q8WUD4,Q8WUF5,Q8WUA8,,,,,,,,,,,,,,,,,,,,,,,,,,,,,,,,,,,,,,,,,,,,
Q16836,Q9Y547,Q13630,Q01974,P16083,,,,,,,,,,,,,,,,,,,,,,,,,,,,,,,,,,,,,,,,,,
O14713,O95544,Q9BSQ5,Q9BSV6,,,,,,,,,,,,,,,,,,,,,,,,,,,,,,,,,,,,,,,,,,,
Q8WZ19,Q13829,Q9H2C0,Q8NFW8,Q8NG68,Q13618,Q14145,Q8NFY9,,,,,,,,,,,,,,,,,,,,,,,,,,,,,,,,,,,,,,,
Q86UN2,Q86UU0,O43148,P52298,Q9BTL3,,,,,,,,,,,,,,,,,,,,,,,,,,,,,,,,,,,,,,,,,,
Q9NPF4,Q9NPG3,Q96BT7,,,,,,,,,,,,,,,,,,,,,,,,,,,,,,,,,,,,,,,,,,,,
P04406,P10599,Q15102,Q14247,Q08554,Q5D862,Q14244,,,,,,,,,,,,,,,,,,,,,,,,,,,,,,,,,,,,,,,,
P07737,P07858,P07686,Q7Z5J4,,,,,,,,,,,,,,,,,,,,,,,,,,,,,,,,,,,,,,,,,,,
Q4VCS5,Q9Y2U5,P34931,Q9NZQ3,,,,,,,,,,,,,,,,,,,,,,,,,,,,,,,,,,,,,,,,,,,
O94967,Q8N0W3,O94966,Q9BWT3,,,,,,,,,,,,,,,,,,,,,,,,,,,,,,,,,,,,,,,,,,,
Q07157,O75083,P31153,Q9UFN0,O75116,,,,,,,,,,,,,,,,,,,,,,,,,,,,,,,,,,,,,,,,,,
Q14671,Q14686,Q14677,,,,,,,,,,,,,,,,,,,,,,,,,,,,,,,,,,,,,,,,,,,,
P10075,Q96JK2,Q96JH7,Q8NEP7,,,,,,,,,,,,,,,,,,,,,,,,,,,,,,,,,,,,,,,,,,,
Q5VV52,Q5VWQ0,Q99622,Q5VWG9,Q13586,,,,,,,,,,,,,,,,,,,,,,,,,,,,,,,,,,,,,,,,,,
Q6P1R3,Q6P2E9,Q6P2H3,,,,,,,,,,,,,,,,,,,,,,,,,,,,,,,,,,,,,,,,,,,,
Q5TC82,Q5TCQ9,Q5TDH0,,,,,,,,,,,,,,,,,,,,,,,,,,,,,,,,,,,,,,,,,,,,
Q96T37,Q96T21,Q96T51,P51784,,,,,,,,,,,,,,,,,,,,,,,,,,,,,,,,,,,,,,,,,,,
Q9NXD2,Q9NXG6,O94903,Q92551,,,,,,,,,,,,,,,,,,,,,,,,,,,,,,,,,,,,,,,,,,,
O95671,Q8WVV9,O95644,O95639,,,,,,,,,,,,,,,,,,,,,,,,,,,,,,,,,,,,,,,,,,,
P29144,Q9NVA2,Q10570,,,,,,,,,,,,,,,,,,,,,,,,,,,,,,,,,,,,,,,,,,,,
P17931,P09382,Q8WVV4,,,,,,,,,,,,,,,,,,,,,,,,,,,,,,,,,,,,,,,,,,,,
Q9BQ15,Q68E01,Q6WKZ4,O75506,,,,,,,,,,,,,,,,,,,,,,,,,,,,,,,,,,,,,,,,,,,
P55268,O15230,P11047,Q92934,P11171,,,,,,,,,,,,,,,,,,,,,,,,,,,,,,,,,,,,,,,,,,
Q96Q05,Q96PZ0,Q96Q83,Q96QK1,Q96PU5,,,,,,,,,,,,,,,,,,,,,,,,,,,,,,,,,,,,,,,,,,
P01042,P01023,P01034,P01011,,,,,,,,,,,,,,,,,,,,,,,,,,,,,,,,,,,,,,,,,,,
P08559,Q08117,O60220,P08473,,,,,,,,,,,,,,,,,,,,,,,,,,,,,,,,,,,,,,,,,,,
O75380,O43681,O43670,O43678,O43684,O95182,,,,,,,,,,,,,,,,,,,,,,,,,,,,,,,,,,,,,,,,,
Q9NZ63,Q9Y314,Q9Y316,Q9NZC9,,,,,,,,,,,,,,,,,,,,,,,,,,,,,,,,,,,,,,,,,,,
P35613,Q96DZ1,P14625,P14649,,,,,,,,,,,,,,,,,,,,,,,,,,,,,,,,,,,,,,,,,,,
P35520,P55265,P13995,,,,,,,,,,,,,,,,,,,,,,,,,,,,,,,,,,,,,,,,,,,,
Q96L50,Q9BVC3,Q8IZH2,,,,,,,,,,,,,,,,,,,,,,,,,,,,,,,,,,,,,,,,,,,,
Q70Z53,Q70IA6,Q70E73,,,,,,,,,,,,,,,,,,,,,,,,,,,,,,,,,,,,,,,,,,,,
Q9BTT4,Q8IY57,Q9BTK6,Q8IY81,Q9BQ39,,,,,,,,,,,,,,,,,,,,,,,,,,,,,,,,,,,,,,,,,,
O75368,O75376,O75362,O75351,O75369,,,,,,,,,,,,,,,,,,,,,,,,,,,,,,,,,,,,,,,,,,
Q9BRR6,Q9BRX5,Q9BRQ0,,,,,,,,,,,,,,,,,,,,,,,,,,,,,,,,,,,,,,,,,,,,
Q96EP5,P52815,Q96EL3,Q96RQ3,,,,,,,,,,,,,,,,,,,,,,,,,,,,,,,,,,,,,,,,,,,
Q86W34,Q13162,Q86W42,Q86VP1,,,,,,,,,,,,,,,,,,,,,,,,,,,,,,,,,,,,,,,,,,,
Q14141,Q9UHD8,Q16181,Q15019,Q9UHF7,Q9HBU6,,,,,,,,,,,,,,,,,,,,,,,,,,,,,,,,,,,,,,,,,
Q02878,Q02750,Q15006,Q02790,,,,,,,,,,,,,,,,,,,,,,,,,,,,,,,,,,,,,,,,,,,
Q86UK7,Q86UL8,Q86UP2,,,,,,,,,,,,,,,,,,,,,,,,,,,,,,,,,,,,,,,,,,,,
A0A0U1RRE5,P16152,Q13480,P16083,,,,,,,,,,,,,,,,,,,,,,,,,,,,,,,,,,,,,,,,,,,
Q9C040,Q147X3,Q9BRA0,Q14699,Q5VZE5,,,,,,,,,,,,,,,,,,,,,,,,,,,,,,,,,,,,,,,,,,
O75832,O75874,O75821,O75828,Q92625,,,,,,,,,,,,,,,,,,,,,,,,,,,,,,,,,,,,,,,,,,
P31751,P31930,P07919,O43852,P08574,,,,,,,,,,,,,,,,,,,,,,,,,,,,,,,,,,,,,,,,,,
P52739,Q16666,Q9BY49,,,,,,,,,,,,,,,,,,,,,,,,,,,,,,,,,,,,,,,,,,,,
Q9NVD7,P48047,P48059,Q13418,O75947,,,,,,,,,,,,,,,,,,,,,,,,,,,,,,,,,,,,,,,,,,
Q96FS4,Q96FW1,Q96FZ2,,,,,,,,,,,,,,,,,,,,,,,,,,,,,,,,,,,,,,,,,,,,
Q7Z569,Q8TEA8,Q9UKL3,,,,,,,,,,,,,,,,,,,,,,,,,,,,,,,,,,,,,,,,,,,,
Q7Z3B3,Q7Z3C6,Q7Z2Z2,Q7Z2W4,,,,,,,,,,,,,,,,,,,,,,,,,,,,,,,,,,,,,,,,,,,
Q92636,Q92686,Q6P1X5,,,,,,,,,,,,,,,,,,,,,,,,,,,,,,,,,,,,,,,,,,,,
O00505,P19838,O00515,O00584,,,,,,,,,,,,,,,,,,,,,,,,,,,,,,,,,,,,,,,,,,,
Q9BXS6,Q5VV52,Q5VWQ0,O75400,Q13586,,,,,,,,,,,,,,,,,,,,,,,,,,,,,,,,,,,,,,,,,,
Q96K17,Q96K21,Q9P1Y6,A8MTY0,,,,,,,,,,,,,,,,,,,,,,,,,,,,,,,,,,,,,,,,,,,
Q04721,Q96SB3,Q9UL54,Q8WXC6,,,,,,,,,,,,,,,,,,,,,,,,,,,,,,,,,,,,,,,,,,,
Q96I25,O75533,Q7RTV0,O43447,Q9NR56,P31942,,,,,,,,,,,,,,,,,,,,,,,,,,,,,,,,,,,,,,,,,
P36941,Q7L592,Q14055,Q14118,,,,,,,,,,,,,,,,,,,,,,,,,,,,,,,,,,,,,,,,,,,
O95147,O95149,O95104,,,,,,,,,,,,,,,,,,,,,,,,,,,,,,,,,,,,,,,,,,,,
Q9H9A6,Q9HCE1,Q14258,Q9H9B1,,,,,,,,,,,,,,,,,,,,,,,,,,,,,,,,,,,,,,,,,,,
P05787,Q8WWM7,Q15233,Q9Y3A5,P35908,Q8WXF1,P04264,P02533,Q8N684,P02545,P02538,P23246,P43243,O94913,Q562R1,,,,,,,,,,,,,,,,,,,,,,,,,,,,,,,,
Q86YZ3,Q8IUD2,Q8IUF8,Q86YS7,,,,,,,,,,,,,,,,,,,,,,,,,,,,,,,,,,,,,,,,,,,
Q9Y580,Q9BTA9,Q9BTC0,,,,,,,,,,,,,,,,,,,,,,,,,,,,,,,,,,,,,,,,,,,,
P31751,P31930,P07919,P08574,Q6P4E1,,,,,,,,,,,,,,,,,,,,,,,,,,,,,,,,,,,,,,,,,,
P35580,P35573,P35579,P08670,P35609,,,,,,,,,,,,,,,,,,,,,,,,,,,,,,,,,,,,,,,,,,
Q8TAF3,P62068,O75317,P35221,Q8TAP9,,,,,,,,,,,,,,,,,,,,,,,,,,,,,,,,,,,,,,,,,,
Q9NZP8,P06727,P02649,P02749,P02652,P06681,,,,,,,,,,,,,,,,,,,,,,,,,,,,,,,,,,,,,,,,,
P05787,P08727,Q8WWM7,Q86YZ3,P35908,Q14157,P14618,Q5T749,P69905,P04264,P15924,P28799,P10599,P13645,Q8N1N4,P35527,Q15102,P49750,Q9NZT1,Q9NR45,P04792,P23396,Q5T6F2,Q5D862,P68871,P25398,Q02413,Q9HA64,,,,,,,,,,,,,,,,,,,
O14562,O14579,O14578,,,,,,,,,,,,,,,,,,,,,,,,,,,,,,,,,,,,,,,,,,,,
P55036,Q13200,O95544,Q9BSQ5,,,,,,,,,,,,,,,,,,,,,,,,,,,,,,,,,,,,,,,,,,,
P27797,P27708,P16989,P17029,,,,,,,,,,,,,,,,,,,,,,,,,,,,,,,,,,,,,,,,,,,
Q9Y3C0,Q13029,Q12768,Q5T1M5,Q2M389,Q641Q2,,,,,,,,,,,,,,,,,,,,,,,,,,,,,,,,,,,,,,,,,
Q96K17,Q96K30,Q96K21,Q9P1Y6,,,,,,,,,,,,,,,,,,,,,,,,,,,,,,,,,,,,,,,,,,,
Q15785,Q15797,Q15796,Q13485,Q2NL98,,,,,,,,,,,,,,,,,,,,,,,,,,,,,,,,,,,,,,,,,,
Q8N6H7,Q8N6T3,Q8N7X0,Q8N7H5,Q8N8A2,,,,,,,,,,,,,,,,,,,,,,,,,,,,,,,,,,,,,,,,,,
O43837,P51553,O43829,P50213,P51649,,,,,,,,,,,,,,,,,,,,,,,,,,,,,,,,,,,,,,,,,,
P61254,P48730,Q15717,Q14151,P54259,Q92859,O95793,,,,,,,,,,,,,,,,,,,,,,,,,,,,,,,,,,,,,,,,
Q86UY8,Q86UW9,Q86V48,Q96D46,,,,,,,,,,,,,,,,,,,,,,,,,,,,,,,,,,,,,,,,,,,
P35998,Q6UUV7,Q6UUV9,Q06323,,,,,,,,,,,,,,,,,,,,,,,,,,,,,,,,,,,,,,,,,,,
O14617,Q92572,Q8N1G4,Q8N1G2,,,,,,,,,,,,,,,,,,,,,,,,,,,,,,,,,,,,,,,,,,,
P05543,Q9NZP8,P06727,P05156,P15169,P05155,P02652,,,,,,,,,,,,,,,,,,,,,,,,,,,,,,,,,,,,,,,,
P09110,Q9NRM7,Q9NRN7,O15195,,,,,,,,,,,,,,,,,,,,,,,,,,,,,,,,,,,,,,,,,,,
Q14914,Q5JTJ3,Q8N0U4,Q9UK76,,,,,,,,,,,,,,,,,,,,,,,,,,,,,,,,,,,,,,,,,,,
Q9NSK0,Q9NVX7,Q9NT62,,,,,,,,,,,,,,,,,,,,,,,,,,,,,,,,,,,,,,,,,,,,
Q9Y375,Q9Y376,Q9NX18,Q53S33,Q03426,,,,,,,,,,,,,,,,,,,,,,,,,,,,,,,,,,,,,,,,,,
O14713,Q9BSQ5,Q9BSV6,Q9Y5A6,,,,,,,,,,,,,,,,,,,,,,,,,,,,,,,,,,,,,,,,,,,
P24941,Q00535,P30281,P30405,Q00534,P11802,P11908,P06493,Q9BV86,,,,,,,,,,,,,,,,,,,,,,,,,,,,,,,,,,,,,,
Q15233,P07437,Q8WXF1,P23246,P43243,Q01546,P15311,,,,,,,,,,,,,,,,,,,,,,,,,,,,,,,,,,,,,,,,
P43897,Q9NP79,P45984,,,,,,,,,,,,,,,,,,,,,,,,,,,,,,,,,,,,,,,,,,,,
O60832,Q9NX24,Q15185,Q9NPE3,Q86US8,P35789,,,,,,,,,,,,,,,,,,,,,,,,,,,,,,,,,,,,,,,,,
Q96I25,O75533,Q7RTV0,O43447,Q7Z2T5,P31942,,,,,,,,,,,,,,,,,,,,,,,,,,,,,,,,,,,,,,,,,
O43175,Q96FJ2,Q99714,,,,,,,,,,,,,,,,,,,,,,,,,,,,,,,,,,,,,,,,,,,,
B1AK53,A9UHW6,Q9Y266,A8MYB1,,,,,,,,,,,,,,,,,,,,,,,,,,,,,,,,,,,,,,,,,,,
Q15542,P50613,P51948,Q13889,Q6ZYL4,P24863,P51946,P49336,Q15532,,,,,,,,,,,,,,,,,,,,,,,,,,,,,,,,,,,,,,
Q969G6,O15085,Q5VWZ2,O43865,,,,,,,,,,,,,,,,,,,,,,,,,,,,,,,,,,,,,,,,,,,
P56211,P56270,P56181,P55957,P56524,P56385,Q15059,,,,,,,,,,,,,,,,,,,,,,,,,,,,,,,,,,,,,,,,
P14324,Q9BV79,Q9BYB4,P13994,,,,,,,,,,,,,,,,,,,,,,,,,,,,,,,,,,,,,,,,,,,
O00425,O75925,Q5T8I3,O00443,,,,,,,,,,,,,,,,,,,,,,,,,,,,,,,,,,,,,,,,,,,
P24941,Q00535,Q9NR12,P30281,Q00534,P11802,P06493,Q9H1H9,,,,,,,,,,,,,,,,,,,,,,,,,,,,,,,,,,,,,,,
Q9H1I8,Q8WU90,Q9NW07,Q8WUA4,,,,,,,,,,,,,,,,,,,,,,,,,,,,,,,,,,,,,,,,,,,
P36873,P62136,P62241,Q96QC0,P62140,O14974,P46087,,,,,,,,,,,,,,,,,,,,,,,,,,,,,,,,,,,,,,,,
P12814,P12830,P07355,P12931,P12694,,,,,,,,,,,,,,,,,,,,,,,,,,,,,,,,,,,,,,,,,,
Q56P03,Q9HC36,Q56A73,Q5BKZ1,,,,,,,,,,,,,,,,,,,,,,,,,,,,,,,,,,,,,,,,,,,
Q96RE7,Q96RF0,Q96CN5,Q96RK0,,,,,,,,,,,,,,,,,,,,,,,,,,,,,,,,,,,,,,,,,,,
Q9Y3B2,Q14147,Q14145,Q9Y3B6,,,,,,,,,,,,,,,,,,,,,,,,,,,,,,,,,,,,,,,,,,,
Q5T200,Q9Y5B9,Q03188,P35226,Q99496,Q9HC52,Q96JP5,O60264,Q06587,P22087,P67870,Q9H0H5,P19784,Q08945,Q8IXK0,Q71F23,Q69YN4,P68400,Q15007,Q9H9B1,,,,,,,,,,,,,,,,,,,,,,,,,,,
P07358,P05543,P07360,P02748,P05156,P15169,P02746,,,,,,,,,,,,,,,,,,,,,,,,,,,,,,,,,,,,,,,,
Q9H6R4,Q969E8,Q9BWU0,Q969J2,,,,,,,,,,,,,,,,,,,,,,,,,,,,,,,,,,,,,,,,,,,
Q9BRA0,Q9Y237,Q9BRD0,Q9NR28,,,,,,,,,,,,,,,,,,,,,,,,,,,,,,,,,,,,,,,,,,,
Q86WU2,Q86X10,Q9ULW8,Q86X27,,,,,,,,,,,,,,,,,,,,,,,,,,,,,,,,,,,,,,,,,,,
A00000,P61457,Q99583,Q96CV9,,,,,,,,,,,,,,,,,,,,,,,,,,,,,,,,,,,,,,,,,,,
Q9BYJ9,Q9BYN0,Q9BYT8,Q8WU58,,,,,,,,,,,,,,,,,,,,,,,,,,,,,,,,,,,,,,,,,,,
